,Radius,Theta,Phi,LMP.Int.En.
0,3.0,5,0,27245977979241.9
1,3.5,5,0,2674329705.45858
2,4.0,5,0,10772695.1818184
3,4.5,5,0,217809.028697863
4,5.0,5,0,10074.0284896025
5,5.5,5,0,722.13089530705
6,6.0,5,0,54.9148226176526
7,7.0,5,0,-4.5037621610782
8,8.0,5,0,-1.58049537528562
9,9.0,5,0,-0.503581190574975
10,10.0,5,0,-0.173272129876541
11,12.0,5,0,-0.0185911161289099
12,15.0,5,0,0.0101588713858433
13,20.0,5,0,0.0137865102540421
14,30.0,5,0,0.0140320288417418
15,3.0,15,0,5514217634.52049
16,3.5,15,0,79492762.1856877
17,4.0,15,0,1597413.40725958
18,4.5,15,0,62707.7513830962
19,5.0,15,0,4021.01510515806
20,5.5,15,0,336.532446428407
21,6.0,15,0,23.1706627583458
22,7.0,15,0,-4.46601139383823
23,8.0,15,0,-1.52065275223571
24,9.0,15,0,-0.499004749473167
25,10.0,15,0,-0.175763707240091
26,12.0,15,0,-0.0198426314631585
27,15.0,15,0,0.00995147105670902
28,20.0,15,0,0.0137719844878663
29,30.0,15,0,0.0140295119887671
30,3.0,30,0,2733411.36721123
31,3.5,30,0,325585.762116773
32,4.0,30,0,31853.2119466213
33,4.5,30,0,3342.75475466038
34,5.0,30,0,381.170850004522
35,5.5,30,0,35.7089548778878
36,6.0,30,0,-4.35749292092125
37,7.0,30,0,-4.06052382905693
38,8.0,30,0,-1.41046579707696
39,9.0,30,0,-0.496724218087918
40,10.0,30,0,-0.184103169990052
41,12.0,30,0,-0.0231094914016692
42,15.0,30,0,0.00944462806114252
43,20.0,30,0,0.0137385874034733
44,30.0,30,0,0.0140320396399744
45,3.0,45,0,112415.596489804
46,3.5,45,0,16618.0295591268
47,4.0,45,0,2738.73678099873
48,4.5,45,0,468.807876752582
49,5.0,45,0,71.2973059315204
50,5.5,45,0,2.09742116872012
51,6.0,45,0,-7.06270166652091
52,7.0,45,0,-3.93494844375007
53,8.0,45,0,-1.48214693882487
54,9.0,45,0,-0.55586844318499
55,10.0,45,0,-0.215320534804122
56,12.0,45,0,-0.0304238725184913
57,15.0,45,0,0.0084956217598043
58,20.0,45,0,0.0136833087091907
59,30.0,45,0,0.014029531086436
60,3.0,60,0,94602.8847341036
61,3.5,60,0,13568.2829540583
62,4.0,60,0,2406.88011225517
63,4.5,60,0,474.380160353267
64,5.0,60,0,89.3268701715866
65,5.5,60,0,9.08859219062228
66,6.0,60,0,-5.60288730238612
67,7.0,60,0,-4.597230813893
68,8.0,60,0,-1.90849804629029
69,9.0,60,0,-0.748171745598705
70,10.0,60,0,-0.297466132847946
71,12.0,60,0,-0.0462763931417317
72,15.0,60,0,0.0067198371049797
73,20.0,60,0,0.0135932172461224
74,30.0,60,0,0.0140270213043812
75,3.0,75,0,127887.208165144
76,3.5,75,0,24710.635870989
77,4.0,75,0,5882.64945660653
78,4.5,75,0,1520.68898674256
79,5.0,75,0,397.051721471249
80,5.5,75,0,96.5192993339707
81,6.0,75,0,17.1916170872541
82,7.0,75,0,-4.79859205903656
83,8.0,75,0,-2.85842444689028
84,9.0,75,0,-1.20258908361997
85,10.0,75,0,-0.485356487675104
86,12.0,75,0,-0.0790969553434863
87,15.0,75,0,0.0034921932403728
88,20.0,75,0,0.0134518334560903
89,30.0,75,0,0.0140229567778941
90,3.0,90,0,717563.354143896
91,3.5,90,0,217344.146052395
92,4.0,90,0,60355.2442237163
93,4.5,90,0,16041.8851752086
94,5.0,90,0,4223.06679653122
95,5.5,90,0,1111.79751002928
96,6.0,90,0,287.648882156654
97,7.0,90,0,11.6608641625368
98,8.0,90,0,-3.59747129227954
99,9.0,90,0,-2.08850192805012
100,10.0,90,0,-0.877285664834962
101,12.0,90,0,-0.143136024333857
102,15.0,90,0,-0.00202031779790625
103,20.0,90,0,0.0132452912913237
104,30.0,90,0,0.014023589524296
105,3.0,105,0,27887090.9576728
106,3.5,105,0,8295589.95549202
107,4.0,105,0,1809454.95269883
108,4.5,105,0,356962.722523839
109,5.0,105,0,71247.0674322302
110,5.5,105,0,15040.9527053978
111,6.0,105,0,3379.13813330678
112,7.0,105,0,186.840328031302
113,8.0,105,0,4.63950637285475
114,9.0,105,0,-3.06492897537467
115,10.0,105,0,-1.55571165425977
116,12.0,105,0,-0.253400048749454
117,15.0,105,0,-0.0103373278820207
118,20.0,105,0,0.0129790212578067
119,30.0,105,0,0.0140189527958777
120,3.0,120,0,8504461770.68415
121,3.5,120,0,1759596748.69663
122,4.0,120,0,169314627.871261
123,4.5,120,0,15154033.0541703
124,5.0,120,0,1615960.48900068
125,5.5,120,0,213832.24795872
126,6.0,120,0,34280.7099819906
127,7.0,120,0,1327.26738012242
128,8.0,120,0,60.5815328868419
129,9.0,120,0,-1.76087554060324
130,10.0,120,0,-2.34400041355721
131,12.0,120,0,-0.401601132436424
132,15.0,120,0,-0.0203200589413676
133,20.0,120,0,0.0127012997788168
134,30.0,120,0,0.0140195458133929
135,3.0,135,0,883082705446609
136,3.5,135,0,11707850508075.6
137,4.0,135,0,41868271585.3945
138,4.5,135,0,603509844.69774
139,5.0,135,0,23200793.0080019
140,5.5,135,0,1665252.64311306
141,6.0,135,0,180852.262660663
142,7.0,135,0,4581.38308188695
143,8.0,135,0,190.174609848825
144,9.0,135,0,3.49479633584255
145,10.0,135,0,-2.78259578683984
146,12.0,135,0,-0.525646638257683
147,15.0,135,0,-0.0280698163695415
148,20.0,135,0,0.0125064153476557
149,30.0,135,0,0.014015797031984
150,3.0,150,0,2.00698082977736e+17
151,3.5,150,0,140077287977960
152,4.0,150,0,113111361113.683
153,4.5,150,0,1034209887.9605
154,5.0,150,0,32886657.4228675
155,5.5,150,0,2142174.50490225
156,6.0,150,0,219906.907123656
157,7.0,150,0,5256.70943309088
158,8.0,150,0,214.056163911255
159,9.0,150,0,4.49755707030059
160,10.0,150,0,-2.81690309697475
161,12.0,150,0,-0.540712550795624
162,15.0,150,0,-0.0289835828727415
163,20.0,150,0,0.0124844345084127
164,30.0,150,0,0.0140181825775261
165,3.0,165,0,50990598515.5838
166,3.5,165,0,8619930558.1646
167,4.0,165,0,564513781.616477
168,4.5,165,0,37200510.378061
169,5.0,165,0,3224768.82961655
170,5.5,165,0,371743.807893278
171,6.0,165,0,54291.5173967524
172,7.0,165,0,1893.18521119118
173,8.0,165,0,85.5222740046886
174,9.0,165,0,-0.812989794748871
175,10.0,165,0,-2.48591590515463
176,12.0,165,0,-0.434838956597444
177,15.0,165,0,-0.0224368585982275
178,20.0,165,0,0.0126467360111724
179,30.0,165,0,0.0140166711163191
180,3.0,175,0,477683745.418715
181,3.5,175,0,123987305.145733
182,4.0,175,0,19378516.9789947
183,4.5,175,0,2698512.21328621
184,5.0,175,0,401335.254119151
185,5.5,175,0,67403.6783119345
186,6.0,175,0,12791.2129925545
187,7.0,175,0,598.574844973633
188,8.0,175,0,25.9077962935966
189,9.0,175,0,-2.86281972416854
190,10.0,175,0,-2.01119952225059
191,12.0,175,0,-0.333986987645661
192,15.0,175,0,-0.0158840079859573
193,20.0,175,0,0.0128206392880965
194,30.0,175,0,0.0140203416123534
195,3.0,5,30,27245977979241.3
196,3.5,5,30,2674329705.2485
197,4.0,5,30,10772695.1574741
198,4.5,5,30,217809.04559138
199,5.0,5,30,10074.0487804695
200,5.5,5,30,722.146545399801
201,6.0,5,30,54.9255266008002
202,7.0,5,30,-4.49925699832616
203,8.0,5,30,-1.57863318631399
204,9.0,5,30,-0.502789504493102
205,10.0,5,30,-0.172921524009103
206,12.0,5,30,-0.0185129408275417
207,15.0,5,30,0.0101698316913106
208,20.0,5,30,0.0137872517018209
209,30.0,5,30,0.0140320288417418
210,3.0,15,30,5514217629.40392
211,3.5,15,30,79492760.8704298
212,4.0,15,30,1597413.15459779
213,4.5,15,30,62707.7679926336
214,5.0,15,30,4021.07950878491
215,5.5,15,30,336.589528252892
216,6.0,15,30,23.2116405691342
217,7.0,15,30,-4.44825726489375
218,8.0,15,30,-1.51330504511229
219,9.0,15,30,-0.495903931191532
220,10.0,15,30,-0.174404691854651
221,12.0,15,30,-0.0195463783903235
222,15.0,15,30,0.00999174517183834
223,20.0,15,30,0.0137746040265013
224,30.0,15,30,0.0140295119887671
225,3.0,30,30,2733378.80818918
226,3.5,30,30,325576.293167333
227,4.0,30,30,31850.716241694
228,4.5,30,30,3342.27521566032
229,5.0,30,30,381.214307520572
230,5.5,30,30,35.8457116535166
231,6.0,30,30,-4.23685987601844
232,7.0,30,30,-4.00239507185942
233,8.0,30,30,-1.38609141660341
234,9.0,30,30,-0.486556914803259
235,10.0,30,30,-0.179734647901078
236,12.0,30,30,-0.0221989816323659
237,15.0,30,30,0.00956102752994012
238,20.0,30,30,0.0137455948582832
239,30.0,30,30,0.0140320396399744
240,3.0,45,30,112207.844566432
241,3.5,45,30,16552.7031197223
242,4.0,45,30,2719.09164858339
243,4.5,45,30,463.36845542889
244,5.0,45,30,70.0983845483899
245,5.5,45,30,2.05765526418439
246,6.0,45,30,-6.85824475857515
247,7.0,45,30,-3.78454870425032
248,8.0,45,30,-1.41538979040869
249,9.0,45,30,-0.528165351251402
250,10.0,45,30,-0.203690974240183
251,12.0,45,30,-0.0281374734466391
252,15.0,45,30,0.00876513943645663
253,20.0,45,30,0.0136979862605199
254,30.0,45,30,0.014029531086436
255,3.0,60,30,92936.7143788807
256,3.5,60,30,13020.9566805871
257,4.0,60,30,2234.72891987741
258,4.5,60,30,422.116735249272
259,5.0,60,30,74.2911581943797
260,5.5,60,30,5.27967184002972
261,6.0,60,30,-6.20873895945087
262,7.0,60,30,-4.30082655443561
263,8.0,60,30,-1.73878407517343
264,9.0,60,30,-0.675801581336114
265,10.0,60,30,-0.267691581536075
266,12.0,60,30,-0.0408191747107996
267,15.0,60,30,0.00730105934321852
268,20.0,60,30,0.0136212079523681
269,30.0,60,30,0.0140320620480111
270,3.0,75,30,108268.825778111
271,3.5,75,30,18178.3230755344
272,4.0,75,30,3869.48944964099
273,4.5,75,30,922.605682671374
274,5.0,75,30,222.765438608068
275,5.5,75,30,46.9086613240356
276,6.0,75,30,3.86160131087445
277,7.0,75,30,-5.06601964150036
278,8.0,75,30,-2.50479237135314
279,9.0,75,30,-1.02294156149981
280,10.0,75,30,-0.411088039578022
281,12.0,75,30,-0.0664530816897982
282,15.0,75,30,0.00468671464857759
283,20.0,75,30,0.0135017108752635
284,30.0,75,30,0.0140234739517209
285,3.0,90,30,300873.936756105
286,3.5,90,30,81863.2855414551
287,4.0,90,30,22718.4151844409
288,4.5,90,30,6242.24514222953
289,5.0,90,30,1702.77041723398
290,5.5,90,30,456.669839367522
291,6.0,90,30,115.282454234887
292,7.0,90,30,0.614707159890185
293,8.0,90,30,-3.55618968974883
294,9.0,90,30,-1.71742930028255
295,10.0,90,30,-0.70589857101214
296,12.0,90,30,-0.115495818420131
297,15.0,90,30,0.000270312072072679
298,20.0,90,30,0.0133272351102984
299,30.0,90,30,0.0140243138956335
300,3.0,105,30,4745960.65774955
301,3.5,105,30,1477797.17652386
302,4.0,105,30,372674.395543994
303,4.5,105,30,86880.6265303615
304,5.0,105,30,20184.7639351508
305,5.5,105,30,4819.55480371208
306,6.0,105,30,1183.69827803967
307,7.0,105,30,67.1597711619992
308,8.0,105,30,-1.47159734117685
309,9.0,105,30,-2.72205976583694
310,10.0,105,30,-1.23081002018245
311,12.0,105,30,-0.199935838319852
312,15.0,105,30,-0.00643559685550891
313,20.0,105,30,0.0130989137701136
314,30.0,105,30,0.0140198648341254
315,3.0,120,30,263305370.374243
316,3.5,120,30,70768709.8998609
317,4.0,120,30,11994104.0108819
318,4.5,120,30,1811005.37526081
319,5.0,120,30,287627.632674384
320,5.5,120,30,50765.0476162868
321,6.0,120,30,9989.02533671852
322,7.0,120,30,486.255937497888
323,8.0,120,30,20.2275217115181
324,9.0,120,30,-2.98759475718591
325,10.0,120,30,-1.92549680619679
326,12.0,120,30,-0.318057017547231
327,15.0,120,30,-0.0148154351425051
328,20.0,120,30,0.0128500848075646
329,30.0,120,30,0.0140205475787663
330,3.0,135,30,38865091254.8304
331,3.5,135,30,6798958392.91171
332,4.0,135,30,473977328.384502
333,4.5,135,30,32749395.8641797
334,5.0,135,30,2928034.99600078
335,5.5,135,30,344388.151227032
336,6.0,135,30,50973.8841741362
337,7.0,135,30,1804.24351958026
338,8.0,135,30,81.6944889412016
339,9.0,135,30,-0.962779988346814
340,10.0,135,30,-2.46725241478498
341,12.0,135,30,-0.430240044769521
342,15.0,135,30,-0.0221470944731299
343,20.0,135,30,0.0126540543136803
344,30.0,135,30,0.0140192386957722
345,3.0,150,30,522808789554.321
346,3.5,150,30,61919592145.8153
347,4.0,150,30,2238706660.69023
348,4.5,150,30,97877116.4915108
349,5.0,150,30,6596011.41875646
350,5.5,150,30,649475.732076563
351,6.0,150,30,85602.49098138
352,7.0,150,30,2665.3536620932
353,8.0,150,30,117.553496343067
354,9.0,150,30,0.47369047783498
355,10.0,150,30,-2.61320189902461
356,12.0,150,30,-0.468680938064973
357,15.0,150,30,-0.0245615165722754
358,20.0,150,30,0.0125929093311022
359,30.0,150,30,0.0140188501167268
360,3.0,165,30,9943043968.43772
361,3.5,165,30,2025555396.35481
362,4.0,165,30,188958459.398118
363,4.5,165,30,16478160.858182
364,5.0,165,30,1725320.15286451
365,5.5,165,30,225469.497361156
366,6.0,165,30,35837.6708689379
367,7.0,165,30,1374.19490515942
368,8.0,165,30,62.7079484796488
369,9.0,165,30,-1.68254492370492
370,10.0,165,30,-2.35796234703376
371,12.0,165,30,-0.404722371448583
372,15.0,165,30,-0.0205175979113562
373,20.0,165,30,0.0126963514127811
374,30.0,165,30,0.0140169914993678
375,3.0,175,30,358341780.235537
376,3.5,175,30,94632130.480675
377,4.0,175,30,15392201.0327712
378,4.5,175,30,2229897.96305212
379,5.0,175,30,342395.017423158
380,5.5,175,30,58902.096780165
381,6.0,175,30,11374.945746428
382,7.0,175,30,542.595986649163
383,8.0,175,30,23.0902390903433
384,9.0,175,30,-2.927955395308
385,10.0,175,30,-1.97042594348974
386,12.0,175,30,-0.326349540977132
387,15.0,175,30,-0.0153716731299122
388,20.0,175,30,0.0128348101007273
389,30.0,175,30,0.0140204390753287
390,3.0,5,45,27245977979240.2
391,3.5,5,45,2674329705.01109
392,4.0,5,45,10772695.131485
393,4.5,5,45,217809.066039286
394,5.0,5,45,10074.0726649752
395,5.5,5,45,722.164854762591
396,6.0,5,45,54.938020136855
397,7.0,5,45,-4.4940061026958
398,8.0,5,45,-1.57646273087743
399,9.0,5,45,-0.501866325505444
400,10.0,5,45,-0.172512423841219
401,12.0,5,45,-0.0184215976025555
402,15.0,5,45,0.0101826621677657
403,20.0,5,45,0.0137881217470295
404,30.0,5,45,0.0140320288417418
405,3.0,15,45,5514217624.01775
406,3.5,15,45,79492759.5104299
407,4.0,15,45,1597412.9087708
408,4.5,15,45,62707.7988718405
409,5.0,15,45,4021.15572475592
410,5.5,15,45,336.654832119046
411,6.0,15,45,23.2580085095151
412,7.0,15,45,-4.42829756068035
413,8.0,15,45,-1.50504832687304
414,9.0,15,45,-0.49241477387868
415,10.0,15,45,-0.17287243885031
416,12.0,15,45,-0.0192109053753667
417,15.0,15,45,0.0100376227126831
418,20.0,15,45,0.0137776106206668
419,30.0,15,45,0.0140295119887671
420,3.0,30,45,2733348.62768534
421,3.5,30,45,325567.683319847
422,4.0,30,45,31848.535560855
423,4.5,30,45,3341.91735020958
424,5.0,30,45,381.308615811961
425,5.5,30,45,36.0058245963402
426,6.0,30,45,-4.10442691558613
427,7.0,30,45,-3.9404712198932
428,8.0,30,45,-1.36023591216708
429,9.0,30,45,-0.475749714991941
430,10.0,30,45,-0.175072223590681
431,12.0,30,45,-0.0212179760466944
432,15.0,30,45,0.00968808121225056
433,20.0,30,45,0.0137533692061918
434,30.0,30,45,0.0140320396399744
435,3.0,45,45,112041.71270662
436,3.5,45,45,16501.2559997052
437,4.0,45,45,2703.95602269957
438,4.5,45,45,459.378369837906
439,5.0,45,45,69.3620783117721
440,5.5,45,45,2.16388269260394
441,6.0,45,45,-6.60882520234502
442,7.0,45,45,-3.63064408627782
443,8.0,45,45,-1.34853034980858
444,9.0,45,45,-0.500424203688607
445,10.0,45,45,-0.191978774837597
446,12.0,45,45,-0.0257993280649668
447,15.0,45,45,0.00904673357427904
448,20.0,45,45,0.0137137309888095
449,30.0,45,45,0.014029531086436
450,3.0,60,45,91832.9221095029
451,3.5,60,45,12661.7528986936
452,4.0,60,45,2122.42819426605
453,4.5,60,45,388.447741397737
454,5.0,60,45,64.9531511936386
455,5.5,60,45,3.18530594865853
456,6.0,60,45,-6.31925095672732
457,7.0,60,45,-3.98045673412347
458,8.0,60,45,-1.57600220178504
459,9.0,60,45,-0.607377883809908
460,10.0,60,45,-0.239407520521454
461,12.0,60,45,-0.0355245361438886
462,15.0,60,45,0.00788288043085417
463,20.0,60,45,0.0136503036494319
464,30.0,60,45,0.0140320620480111
465,3.0,75,45,98280.3276834813
466,3.5,75,45,14855.9593736733
467,4.0,75,45,2831.10724580155
468,4.5,75,45,608.593190942338
469,5.0,75,45,130.20219222728
470,5.5,75,45,20.765624123488
471,6.0,75,45,-2.76299869890607
472,7.0,75,45,-4.85198053196255
473,8.0,75,45,-2.15225975338753
474,9.0,75,45,-0.859801044328028
475,10.0,75,45,-0.344118852711527
476,12.0,75,45,-0.0547735837755859
477,15.0,75,45,0.00583727708219227
478,20.0,75,45,0.0135521977936684
479,30.0,75,45,0.0140265454093476
480,3.0,90,45,160028.969501978
481,3.5,90,45,35397.5043766557
482,4.0,90,45,9119.7494790143
483,4.5,90,45,2461.23200730987
484,5.0,90,45,666.031004350839
485,5.5,90,45,172.576558574493
486,6.0,90,45,38.0658797569586
487,7.0,90,45,-3.8618216463539
488,8.0,90,45,-3.14075444828739
489,9.0,90,45,-1.37061301794726
490,10.0,90,45,-0.55604010609776
491,12.0,90,45,-0.0909336284268678
492,15.0,90,45,0.0024130929609285
493,20.0,90,45,0.0134086857749138
494,30.0,90,45,0.0140225603412525
495,3.0,105,45,1007131.51238223
496,3.5,105,45,310407.138826499
497,4.0,105,45,85262.6499322929
498,4.5,105,45,22231.7723747993
499,5.0,105,45,5743.44904593689
500,5.5,105,45,1491.66437545633
501,6.0,105,45,384.740774603049
502,7.0,105,45,17.9334221569768
503,8.0,105,45,-3.45788350632342
504,9.0,105,45,-2.21639942901257
505,10.0,105,45,-0.94067403190377
506,12.0,105,45,-0.153300943050051
507,15.0,105,45,-0.0028343632747721
508,20.0,105,45,0.0132173863575327
509,30.0,105,45,0.0140233478074116
510,3.0,120,45,20665742.6658182
511,3.5,120,45,6209937.09276891
512,4.0,120,45,1392668.81547673
513,4.5,120,45,283397.950513083
514,5.0,120,45,58151.8051659001
515,5.5,120,45,12553.2253151686
516,6.0,120,45,2867.1752299479
517,7.0,120,45,160.397204565087
518,8.0,120,45,3.25489723419179
519,9.0,120,45,-3.028522737121
520,10.0,120,45,-1.50170960175899
521,12.0,120,45,-0.244354156287718
522,15.0,120,45,-0.00968914825897164
523,20.0,120,45,0.0129985540999401
524,30.0,120,45,0.0140216147100269
525,3.0,135,45,654946149.133881
526,3.5,135,45,166635800.919551
527,4.0,135,45,24886008.3553592
528,4.5,135,45,3314670.00503991
529,5.0,135,45,475806.095315312
530,5.5,135,45,77826.6249312159
531,6.0,135,45,14489.121483763
532,7.0,135,45,663.818364903367
533,8.0,135,45,29.1598047431053
534,9.0,135,45,-2.78071279664715
535,10.0,135,45,-2.05451291282503
536,12.0,135,45,-0.342224985897471
537,15.0,135,45,-0.0164353168932309
538,20.0,135,45,0.0128053781802462
539,30.0,135,45,0.0140177191445535
540,3.0,150,45,6917853838.99383
541,3.5,150,45,1460153205.84869
542,4.0,150,45,146262964.339094
543,4.5,150,45,13544825.3205526
544,5.0,150,45,1479713.96915359
545,5.5,150,45,199083.36395257
546,6.0,150,45,32283.7278038855
547,7.0,150,45,1266.21017042299
548,8.0,150,45,57.8009715004525
549,9.0,150,45,-1.86092133236947
550,10.0,150,45,-2.32441524554015
551,12.0,150,45,-0.397286897688735
552,15.0,150,45,-0.0200397054079568
553,20.0,150,45,0.0127088282680775
554,30.0,150,45,0.0140195929754774
555,3.0,165,45,2217432343.91229
556,3.5,165,45,516746630.632018
557,4.0,165,45,63615939.7011265
558,4.5,165,45,7065930.65329822
559,5.0,165,45,881743.236602538
560,5.5,165,45,130240.23684506
561,6.0,165,45,22543.0456553755
562,7.0,165,45,951.756461423269
563,8.0,165,45,43.1417986066682
564,9.0,165,45,-2.36436445256929
565,10.0,165,45,-2.2055696267436
566,12.0,165,45,-0.372126596201619
567,15.0,165,45,-0.0184060322755871
568,20.0,165,45,0.0127521548287861
569,30.0,165,45,0.0140173592938903
570,3.0,175,45,259048418.455543
571,3.5,175,45,69687553.9961939
572,4.0,175,45,11836046.3539558
573,4.5,175,45,1791000.73778127
574,5.0,175,45,284955.27018097
575,5.5,175,45,50361.4314618765
576,6.0,175,45,9919.43944532279
577,7.0,175,45,483.387499697163
578,8.0,175,45,20.082672467827
579,9.0,175,45,-2.98972849569533
580,10.0,175,45,-1.92279441658927
581,12.0,175,45,-0.317558298221346
582,15.0,175,45,-0.014778685153034
583,20.0,175,45,0.0128513276532348
584,30.0,175,45,0.0140205534352195
585,3.0,5,60,27245977979239
586,3.5,5,60,2674329704.71993
587,4.0,5,60,10772695.1020508
588,4.5,5,60,217809.093286409
589,5.0,5,60,10074.1034818768
590,5.5,5,60,722.188305575726
591,6.0,5,60,54.9539767607979
592,7.0,5,60,-4.48731122544542
593,8.0,5,60,-1.5736953387546
594,9.0,5,60,-0.500688548361899
595,10.0,5,60,-0.171990084997099
596,12.0,5,60,-0.018304771418494
597,15.0,5,60,0.0101991103384799
598,20.0,5,60,0.0137892404417249
599,30.0,5,60,0.0140320288417418
600,3.0,15,60,5514217617.96522
601,3.5,15,60,79492758.0186519
602,4.0,15,60,1597412.66260754
603,4.5,15,60,62707.8536146807
604,5.0,15,60,4021.2539832155
605,5.5,15,60,336.736032902503
606,6.0,15,60,23.314959635622
607,7.0,15,60,-4.40396107203523
608,8.0,15,60,-1.49498519249823
609,9.0,15,60,-0.488154969623601
610,10.0,15,60,-0.170997165237773
611,12.0,15,60,-0.0187981296794556
612,15.0,15,60,0.0100944854340322
613,20.0,15,60,0.0137813719174633
614,30.0,15,60,0.0140295119887671
615,3.0,30,60,2733319.52558864
616,3.5,30,60,325559.603692399
617,4.0,30,60,31846.6111894099
618,4.5,30,60,3341.68937540004
619,5.0,30,60,381.472727945025
620,5.5,30,60,36.2054108945799
621,6.0,30,60,-3.94878107793739
622,7.0,30,60,-3.86984133902977
623,8.0,30,60,-1.33086155603914
624,9.0,30,60,-0.463437282689567
625,10.0,30,60,-0.169733679332845
626,12.0,30,60,-0.0200817632294934
627,15.0,30,60,0.009837568586908
628,20.0,30,60,0.0137626987236363
629,30.0,30,60,0.0140320396399744
630,3.0,45,60,111906.488166411
631,3.5,45,60,16460.3040282186
632,4.0,45,60,2692.32967030939
633,4.5,45,60,456.571874042843
634,5.0,45,60,69.0361039784772
635,5.5,45,60,2.41930981837488
636,6.0,45,60,-6.30108460455377
637,7.0,45,60,-3.46453182917661
638,8.0,45,60,-1.27770146173775
639,9.0,45,60,-0.470995219410469
640,10.0,45,60,-0.179463857470078
641,12.0,45,60,-0.0232547303783456
642,15.0,45,60,0.00936110928128992
643,20.0,45,60,0.0137318715193115
644,30.0,45,60,0.014029531086436
645,3.0,60,60,91099.9725684624
646,3.5,60,60,12426.7803189721
647,4.0,60,60,2050.0472103257
648,4.5,60,60,367.37793528915
649,5.0,60,60,59.5590306649149
650,5.5,60,60,2.31455515447214
651,6.0,60,60,-6.05753774058549
652,7.0,60,60,-3.63174974791378
653,8.0,60,60,-1.41329808830405
654,9.0,60,60,-0.539616535545311
655,10.0,60,60,-0.211190225362059
656,12.0,60,60,-0.0301068960336079
657,15.0,60,60,0.00850043437814189
658,20.0,60,60,0.0136825904289434
659,30.0,60,60,0.0140320620480111
660,3.0,75,60,93190.2038441853
661,3.5,75,60,13172.7716633483
662,4.0,75,60,2301.37629392359
663,4.5,75,60,447.241971524587
664,5.0,75,60,82.9365081044982
665,5.5,75,60,8.00690585266062
666,6.0,75,60,-5.47108590169236
667,7.0,75,60,-4.34934195891748
668,8.0,75,60,-1.80120786409479
669,9.0,75,60,-0.706722965426984
670,10.0,75,60,-0.281300186819632
671,12.0,75,60,-0.0434811359252899
672,15.0,75,60,0.00700499244821459
673,20.0,75,60,0.0136064911430577
674,30.0,75,60,0.0140246578815074
675,3.0,90,60,110577.264504855
676,3.5,90,60,18952.7560848549
677,4.0,90,60,4111.84101816122
678,4.5,90,60,996.019077625064
679,5.0,90,60,244.626015803482
680,5.5,90,60,53.2793618774428
681,6.0,90,60,5.62167137396412
682,7.0,90,60,-5.01929565678683
683,8.0,90,60,-2.54958424291405
684,9.0,90,60,-1.04678539236142
685,10.0,90,60,-0.421174175028401
686,12.0,90,60,-0.0682184611049121
687,15.0,90,60,0.00451593663678561
688,20.0,90,60,0.0134944319306701
689,30.0,90,60,0.0140259473700548
690,3.0,105,60,265991.634425571
691,3.5,105,60,70400.6642528004
692,4.0,105,60,19415.6045654465
693,4.5,105,60,5342.24097313053
694,5.0,105,60,1460.88331779228
695,5.5,105,60,391.471049808925
696,6.0,105,60,97.7270947189814
697,7.0,105,60,-0.45449822450604
698,8.0,105,60,-3.50058496293517
699,9.0,105,60,-1.65612506739571
700,10.0,105,60,-0.67896379329214
701,12.0,105,60,-0.111115792980366
702,15.0,105,60,0.000645807608675111
703,20.0,105,60,0.0133412546587977
704,30.0,105,60,0.0140219181052758
705,3.0,120,60,2216245.43246993
706,3.5,120,60,693380.160504706
707,4.0,120,60,183418.374002167
708,4.5,120,60,45375.5002846385
709,5.0,120,60,11146.340324423
710,5.5,120,60,2783.77423409479
711,6.0,120,60,703.992969084841
712,7.0,120,60,38.1188443652001
713,8.0,120,60,-2.75894547168676
714,9.0,120,60,-2.4916872955953
715,10.0,120,60,-1.08812204145725
716,12.0,120,60,-0.176940179836335
717,15.0,120,60,-0.00468496268141307
718,20.0,120,60,0.0131555674255533
719,30.0,120,60,0.0140228339796594
720,3.0,135,60,32177781.9209137
721,3.5,135,60,9523057.60373984
722,4.0,135,60,2048867.54608001
723,4.5,135,60,398092.570340383
724,5.0,135,60,78392.4137468681
725,5.5,135,60,16371.3683065527
726,6.0,135,60,3648.64952703306
727,7.0,135,60,200.497211732916
728,8.0,135,60,5.36024260812408
729,9.0,135,60,-3.07720416939443
730,10.0,135,60,-1.58063994550531
731,12.0,135,60,-0.257594542442453
732,15.0,135,60,-0.0106315241922844
733,20.0,135,60,0.0129705235864931
734,30.0,135,60,0.0140214059693516
735,3.0,150,60,311607388.380571
736,3.5,150,60,82959200.4927482
737,4.0,150,60,13750441.0627783
738,4.5,150,60,2030050.37952667
739,5.0,150,60,316538.267203272
740,5.5,150,60,55091.4403855681
741,6.0,150,60,10729.8707812102
742,7.0,150,60,516.57763998445
743,8.0,150,60,21.7718591220451
744,9.0,150,60,-2.95621747400086
745,10.0,150,60,-1.95016452924629
746,12.0,150,60,-0.322594391102463
747,15.0,150,60,-0.015119424300522
748,20.0,150,60,0.0128417748376002
749,30.0,150,60,0.0140204877559725
750,3.0,165,60,481374876.831625
751,3.5,165,60,124886099.651787
752,4.0,165,60,19497766.5592962
753,4.5,165,60,2712209.15168931
754,5.0,165,60,403025.742258951
755,5.5,165,60,67644.022587738
756,6.0,165,60,12830.821529162
757,7.0,165,60,600.119004074456
758,8.0,165,60,25.9851137424835
759,9.0,165,60,-2.86096684650467
760,10.0,165,60,-2.01228223904674
761,12.0,165,60,-0.334191479559164
762,15.0,165,60,-0.015897824323975
763,20.0,165,60,0.0128202481418342
764,30.0,165,60,0.0140178195228028
765,3.0,175,60,173857227.191271
766,3.5,175,60,47777962.9221542
767,4.0,175,60,8536753.20860837
768,4.5,175,60,1360480.4836662
769,5.0,175,60,225952.289406415
770,5.5,175,60,41269.8420464194
771,6.0,175,60,8327.78655276477
772,7.0,175,60,416.391698191042
773,8.0,175,60,16.6453657509443
774,9.0,175,60,-3.04810870975768
775,10.0,175,60,-1.86199080660061
776,12.0,175,60,-0.306521779135043
777,15.0,175,60,-0.0140291256185185
778,20.0,175,60,0.0128723896151637
779,30.0,175,60,0.0140207004664785
780,3.0,5,90,27245977979235.8
781,3.5,5,90,2674329704.09519
782,4.0,5,90,10772695.0496831
783,4.5,5,90,217809.161364642
784,5.0,5,90,10074.1763662382
785,5.5,5,90,722.2430418068
786,6.0,5,90,54.9910295108953
787,7.0,5,90,-4.47181364758844
788,8.0,5,90,-1.56728871704652
789,9.0,5,90,-0.497958833478643
790,10.0,5,90,-0.17077762751484
791,12.0,5,90,-0.0180327094360969
792,15.0,5,90,0.0102375849259724
793,20.0,5,90,0.0137918721781074
794,30.0,5,90,0.0140320288417418
795,3.0,15,90,5514217606.915
796,3.5,15,90,79492755.4340872
797,4.0,15,90,1597412.32826254
798,4.5,15,90,62708.0304394426
799,5.0,15,90,4021.4818225047
800,5.5,15,90,336.914336522683
801,6.0,15,90,23.4375828083353
802,7.0,15,90,-4.35217744470144
803,8.0,15,90,-1.47357959046768
804,9.0,15,90,-0.479063797033711
805,10.0,15,90,-0.166976589813135
806,12.0,15,90,-0.0179043014759839
807,15.0,15,90,0.0102193002868009
808,20.0,15,90,0.0137897726937418
809,30.0,15,90,0.0140295119887671
810,3.0,30,90,2733278.8954187
811,3.5,30,90,325548.999049877
812,4.0,30,90,31844.4739857327
813,4.5,30,90,3341.73458682012
814,5.0,30,90,381.929766021774
815,5.5,30,90,36.6250429015437
816,6.0,30,90,-3.64421129770048
817,7.0,30,90,-3.73702502705029
818,8.0,30,90,-1.27585683417991
819,9.0,30,90,-0.440247867447943
820,10.0,30,90,-0.159586160863159
821,12.0,30,90,-0.0178772569107748
822,15.0,30,90,0.01013589365766
823,20.0,30,90,0.0137819945066212
824,30.0,30,90,0.0140320396399744
825,3.0,45,90,111762.214396389
826,3.5,45,90,16418.8035801488
827,4.0,45,90,2681.63884604592
828,4.5,45,90,454.688864607558
829,5.0,45,90,69.3798840198806
830,5.5,45,90,3.11869461772276
831,6.0,45,90,-5.70879649210066
832,7.0,45,90,-3.18438944350852
833,8.0,45,90,-1.16050824220069
834,9.0,45,90,-0.422028090510283
835,10.0,45,90,-0.15836060842297
836,12.0,45,90,-0.0188252553896243
837,15.0,45,90,0.00993301035273027
838,20.0,45,90,0.0137667469133896
839,30.0,45,90,0.014029531086436
840,3.0,60,90,90514.2915378276
841,3.5,60,90,12245.6726324235
842,4.0,60,90,1996.925324102
843,4.5,60,90,353.472927381558
844,5.0,60,90,57.0641229679249
845,5.5,60,90,2.75042278591642
846,6.0,60,90,-5.14087702303616
847,7.0,60,90,-3.07483049585123
848,8.0,60,90,-1.17175209878567
849,9.0,60,90,-0.439307213661301
850,10.0,60,90,-0.168767120143082
851,12.0,60,90,-0.0216021744643816
852,15.0,60,90,0.0095311367426428
853,20.0,60,90,0.0137407171770663
854,30.0,60,90,0.0140320620480111
855,3.0,75,90,90275.9256600314
856,3.5,75,90,12228.2120876602
857,4.0,75,90,2007.49568640528
858,4.5,75,90,359.946213619627
859,5.0,75,90,59.2673367494804
860,5.5,75,90,3.0929110831248
861,6.0,75,90,-5.37660606841121
862,7.0,75,90,-3.35111232041032
863,8.0,75,90,-1.31056483183925
864,9.0,75,90,-0.501071901497788
865,10.0,75,90,-0.195966968579718
866,12.0,75,90,-0.0273109076245595
867,15.0,75,90,0.00881465681892237
868,20.0,75,90,0.0136991362375893
869,30.0,75,90,0.0140295527433256
870,3.0,90,90,91769.4182258971
871,3.5,90,90,12713.2885059076
872,4.0,90,90,2158.99913349429
873,4.5,90,90,404.903691175608
874,5.0,90,90,71.2285607785213
875,5.5,90,90,5.33518224764728
876,6.0,90,90,-5.67758995422907
877,7.0,90,90,-3.9981820077306
878,8.0,90,90,-1.62240864626656
879,9.0,90,90,-0.632370408421438
880,10.0,90,90,-0.250926264993224
881,12.0,90,90,-0.0379135440932326
882,15.0,90,90,0.00760242967881593
883,20.0,90,90,0.0136356088332324
884,30.0,90,90,0.0140321112267054
885,3.0,105,90,99800.58963822
886,3.5,105,90,15367.4707860487
887,4.0,105,90,2993.97795827374
888,4.5,105,90,659.007027836923
889,5.0,105,90,145.478820723446
890,5.5,105,90,25.2326752291046
891,6.0,105,90,-1.56824348787651
892,7.0,105,90,-4.86458006915887
893,8.0,105,90,-2.20713532524532
894,9.0,105,90,-0.886748809935513
895,10.0,105,90,-0.355505652758651
896,12.0,105,90,-0.056826084898781
897,15.0,105,90,0.00562962340782803
898,20.0,105,90,0.0135428825678653
899,30.0,105,90,0.0140239466745878
900,3.0,120,90,153970.903316087
901,3.5,120,90,33388.0616168066
902,4.0,120,90,8516.42038542038
903,4.5,120,90,2287.99158264937
904,5.0,120,90,617.11265920319
905,5.5,120,90,158.916299032886
906,6.0,120,90,34.3613948978024
907,7.0,120,90,-4.02336547684231
908,8.0,120,90,-3.09154157733001
909,9.0,120,90,-1.34176177918825
910,10.0,120,90,-0.543994419912674
911,12.0,120,90,-0.0889304608394749
912,15.0,120,90,0.00259563335253702
913,20.0,120,90,0.0134160511269683
914,30.0,120,90,0.0140251437163873
915,3.0,135,90,616855.910969606
916,3.5,135,90,184800.168031997
917,4.0,135,90,51494.6681747969
918,4.5,135,90,13793.0451587111
919,5.0,135,90,3659.34186156752
920,5.5,135,90,968.526114728191
921,6.0,135,90,250.591622892409
922,7.0,135,90,9.28534712870857
923,8.0,135,90,-3.62104626759933
924,9.0,135,90,-2.02558515652473
925,10.0,135,90,-0.847401823879669
926,12.0,135,90,-0.138323405597259
927,15.0,135,90,-0.00162448191925504
928,20.0,135,90,0.0132594469933573
929,30.0,135,90,0.0140211833504726
930,3.0,150,90,5035520.0463569
931,3.5,150,90,1566595.66729233
932,4.0,150,90,393448.638664372
933,4.5,150,90,91271.744677571
934,5.0,150,90,21107.7888066786
935,5.5,150,90,5021.2073866035
936,6.0,150,90,1230.0788891268
937,7.0,150,90,69.9039612986401
938,8.0,150,90,-1.33814294557546
939,9.0,150,90,-2.73683073814374
940,10.0,150,90,-1.2413457042332
941,12.0,150,90,-0.201628843605765
942,15.0,150,90,-0.00655842001105813
943,20.0,150,90,0.0130952964560258
944,30.0,150,90,0.0140223509796028
945,3.0,165,90,35003389.9160689
946,3.5,165,90,10327260.3742881
947,4.0,165,90,2203704.73530259
948,4.5,165,90,424314.168006729
949,5.0,165,90,82889.7589776594
950,5.5,165,90,17199.9642265601
951,6.0,165,90,3815.11529733501
952,7.0,165,90,208.842109958942
953,8.0,165,90,5.79996900791401
954,9.0,165,90,-3.0837131579069
955,10.0,165,90,-1.595360993513
956,12.0,165,90,-0.260080442710756
957,15.0,165,90,-0.0108061855933436
958,20.0,165,90,0.0129654515922423
959,30.0,165,90,0.0140188479049594
960,3.0,175,90,72955949.3244831
961,3.5,175,90,20894905.7425448
962,4.0,175,90,4131181.51535259
963,4.5,175,90,732244.85983475
964,5.0,175,90,133086.364621706
965,5.5,175,90,26077.8072826465
966,6.0,175,90,5543.15145817671
967,7.0,175,90,292.086596832313
968,8.0,175,90,10.1774662766578
969,9.0,175,90,-3.10681969969112
970,10.0,175,90,-1.72156470396365
971,12.0,175,90,-0.281714175929586
972,15.0,175,90,-0.0123220786156913
973,20.0,175,90,0.0129211573436189
974,30.0,175,90,0.0140210463069699
975,3.0,5,120,27245977979233.6
976,3.5,5,120,2674329703.56861
977,4.0,5,120,10772695.0202295
978,4.5,5,120,217809.231834059
979,5.0,5,120,10074.2470033171
980,5.5,5,120,722.295193456487
981,6.0,5,120,55.0260937534604
982,7.0,5,120,-4.45720807169913
983,8.0,5,120,-1.56124967646721
984,9.0,5,120,-0.495381547146725
985,10.0,5,120,-0.1696304197875
986,12.0,5,120,-0.0177741091310458
987,15.0,5,120,0.0102743845120213
988,20.0,5,120,0.0137944095715317
989,30.0,5,120,0.0140320288417418
990,3.0,15,120,5514217599.50999
991,3.5,15,120,79492753.8632897
992,4.0,15,120,1597412.23849603
993,4.5,15,120,62708.2389591071
994,5.0,15,120,4021.6913469265
995,5.5,15,120,337.069131204334
996,6.0,15,120,23.5416873518574
997,7.0,15,120,-4.30880613624352
998,8.0,15,120,-1.45564622866267
999,9.0,15,120,-0.471410550538558
1000,10.0,15,120,-0.163570090053969
1001,12.0,15,120,-0.0171364772829898
1002,15.0,15,120,0.0103285547797526
1003,20.0,15,120,0.013797305474154
1004,30.0,15,120,0.0140295119887671
1005,3.0,30,120,2733260.34418773
1006,3.5,30,120,325544.783710589
1007,4.0,30,120,31844.0157228851
1008,4.5,30,120,3342.10052374684
1009,5.0,30,120,382.355885933444
1010,5.5,30,120,36.9514768394299
1011,6.0,30,120,-3.42151982124382
1012,7.0,30,120,-3.64343685138885
1013,8.0,30,120,-1.23716668475996
1014,9.0,30,120,-0.423787546758508
1015,10.0,30,120,-0.152289804583072
1016,12.0,30,120,-0.0162471083300106
1017,15.0,30,120,0.0103650906939847
1018,20.0,30,120,0.0137975584103459
1019,30.0,30,120,0.0140320396399744
1020,3.0,45,120,111716.642311968
1021,3.5,45,120,16407.2801378123
1022,4.0,45,120,2679.54696571027
1023,4.5,45,120,454.942789800521
1024,5.0,45,120,70.020329094999
1025,5.5,45,120,3.66856732557619
1026,6.0,45,120,-5.31808979454987
1027,7.0,45,120,-3.01610772809867
1028,8.0,45,120,-1.09087252511993
1029,9.0,45,120,-0.392591929649045
1030,10.0,45,120,-0.145429348116297
1031,12.0,45,120,-0.0159918562938627
1032,15.0,45,120,0.0103209850427948
1033,20.0,45,120,0.0137922242220495
1034,30.0,45,120,0.014029531086436
1035,3.0,60,120,90386.7389006586
1036,3.5,60,120,12209.9574987912
1037,4.0,60,120,1988.25454751116
1038,4.5,60,120,352.320664475511
1039,5.0,60,120,57.6883299806851
1040,5.5,60,120,3.56660467620644
1041,6.0,60,120,-4.49486549193716
1042,7.0,60,120,-2.77932648376499
1043,8.0,60,120,-1.04867552110758
1044,9.0,60,120,-0.387726665920607
1045,10.0,60,120,-0.14641598621253
1046,12.0,60,120,-0.0168517252600706
1047,15.0,60,120,0.0101551605665465
1048,20.0,60,120,0.0137796119887454
1049,30.0,60,120,0.0140320620480111
1050,3.0,75,120,89851.3489069116
1051,3.5,75,120,12099.5508965087
1052,4.0,75,120,1970.96316767671
1053,4.5,75,120,351.126120315627
1054,5.0,75,120,58.2400497523909
1055,5.5,75,120,3.8921690609489
1056,6.0,75,120,-4.41240149787956
1057,7.0,75,120,-2.83039540402066
1058,8.0,75,120,-1.08839801621573
1059,9.0,75,120,-0.408678279808113
1060,10.0,75,120,-0.156630976956648
1061,12.0,75,120,-0.0192917762289681
1062,15.0,75,120,0.00980948259888507
1063,20.0,75,120,0.0137568909519504
1064,30.0,75,120,0.0140295527433256
1065,3.0,90,120,90042.1076894528
1066,3.5,90,120,12160.8872244057
1067,4.0,90,120,1989.50312697824
1068,4.5,90,120,355.948679132091
1069,5.0,90,120,58.9450716502521
1070,5.5,90,120,3.54322034187056
1071,6.0,90,120,-4.9022771280764
1072,7.0,90,120,-3.11578001734477
1073,8.0,90,120,-1.2147676168462
1074,9.0,90,120,-0.462578760648174
1075,10.0,90,120,-0.180021905694441
1076,12.0,90,120,-0.0241945938171843
1077,15.0,90,120,0.00918437642177122
1078,20.0,90,120,0.0137195908084528
1079,30.0,90,120,0.0140321112267054
1080,3.0,105,120,90974.1721305858
1081,3.5,105,120,12456.6645172507
1082,4.0,105,120,2079.49375662323
1083,4.5,105,120,381.445201804147
1084,5.0,105,120,64.9625822932192
1085,5.5,105,120,4.09947707965532
1086,6.0,105,120,-5.59338979151772
1087,7.0,105,120,-3.70725046959227
1088,8.0,105,120,-1.48244389305483
1089,9.0,105,120,-0.574178270310119
1090,10.0,105,120,-0.226900254241372
1091,12.0,105,120,-0.0333929906275436
1092,15.0,105,120,0.0081043023821005
1093,20.0,105,120,0.0136610502820961
1094,30.0,105,120,0.0140295916980057
1095,3.0,120,120,96019.0066363618
1096,3.5,120,120,14113.262468908
1097,4.0,120,120,2599.92074710395
1098,4.5,120,120,539.132029530261
1099,5.0,120,120,110.178772305217
1100,5.5,120,120,15.4698664572636
1101,6.0,120,120,-3.84546886523696
1102,7.0,120,120,-4.63286478592358
1103,8.0,120,120,-2.00710274125241
1104,9.0,120,120,-0.797851094449415
1105,10.0,120,120,-0.319077479759397
1106,12.0,120,120,-0.0503677442227505
1107,15.0,120,120,0.00628354145238376
1108,20.0,120,120,0.0135725427777525
1109,30.0,120,120,0.0140267979558477
1110,3.0,135,120,132437.312044363
1111,3.5,135,120,26231.6766543876
1112,4.0,135,120,6349.43936880371
1113,4.5,135,120,1658.68733529324
1114,5.0,135,120,437.314941536816
1115,5.5,135,120,108.169846278041
1116,6.0,135,120,20.4847569696271
1117,7.0,135,120,-4.62107161455705
1118,8.0,135,120,-2.89362848658061
1119,9.0,135,120,-1.22640885932659
1120,10.0,135,120,-0.49567724375323
1121,12.0,135,120,-0.0808553508780336
1122,15.0,135,120,0.0033321588782345
1123,20.0,135,120,0.013445572256663
1124,30.0,135,120,0.0140254342780872
1125,3.0,150,120,499707.085011654
1126,3.5,150,120,146799.492893435
1127,4.0,150,120,41022.8429969342
1128,4.5,150,120,11094.9117494363
1129,5.0,150,120,2972.81031074897
1130,5.5,150,120,791.73214203214
1131,6.0,150,120,204.385196313732
1132,7.0,150,120,6.3036731342296
1133,8.0,150,120,-3.63714664137659
1134,9.0,150,120,-1.93906859397899
1135,10.0,150,120,-0.806724272061331
1136,12.0,150,120,-0.131776988347682
1137,15.0,150,120,-0.00108704141622995
1138,20.0,150,120,0.0132784785913167
1139,30.0,150,120,0.0140238678555087
1140,3.0,165,120,5614887.01804492
1141,3.5,165,120,1743782.38796949
1142,4.0,165,120,434593.034142491
1143,4.5,165,120,99892.7044262121
1144,5.0,165,120,22904.9566215767
1145,5.5,165,120,5411.01654539041
1146,6.0,165,120,1319.19846289603
1147,7.0,165,120,75.1277759470779
1148,8.0,165,120,-1.08720467337469
1149,9.0,165,120,-2.76562335116426
1150,10.0,165,120,-1.26162583032734
1151,12.0,165,120,-0.204914113834108
1152,15.0,165,120,-0.0068035207791015
1153,20.0,165,120,0.0130875790649418
1154,30.0,165,120,0.0140197706192871
1155,3.0,175,120,34076603.5647174
1156,3.5,175,120,10063828.0568562
1157,4.0,175,120,2153150.57929077
1158,4.5,175,120,415783.770886211
1159,5.0,175,120,81431.4095262078
1160,5.5,175,120,16931.9903068268
1161,6.0,175,120,3761.39247458272
1162,7.0,175,120,206.156731230445
1163,8.0,175,120,5.65868936406166
1164,9.0,175,120,-3.08161851648799
1165,10.0,175,120,-1.59062998191208
1166,12.0,175,120,-0.259279256872165
1167,15.0,175,120,-0.0107493877806444
1168,20.0,175,120,0.0129671405981231
1169,30.0,175,120,0.0140213796800053
1170,3.0,5,135,27245977979232.7
1171,3.5,5,135,2674329703.37599
1172,4.0,5,135,10772695.0138213
1173,4.5,5,135,217809.261504397
1174,5.0,5,135,10074.2755806832
1175,5.5,5,135,722.316060531088
1176,6.0,5,135,55.0400610923428
1177,7.0,5,135,-4.45140589878076
1178,8.0,5,135,-1.55885017841133
1179,9.0,5,135,-0.49435632472525
1180,10.0,5,135,-0.169173381362797
1181,12.0,5,135,-0.0176707535048626
1182,15.0,5,135,0.0102891568275344
1183,20.0,5,135,0.0137954338908681
1184,30.0,5,135,0.0140320288417418
1185,3.0,15,135,5514217597.20958
1186,3.5,15,135,79492753.4192109
1187,4.0,15,135,1597412.24733258
1188,4.5,15,135,62708.3284200334
1189,5.0,15,135,4021.77204725816
1190,5.5,15,135,337.126926699093
1191,6.0,15,135,23.5800641015093
1192,7.0,15,135,-4.29294064291102
1193,8.0,15,135,-1.44908182893325
1194,9.0,15,135,-0.46859936713424
1195,10.0,15,135,-0.162313177973726
1196,12.0,15,135,-0.0168504519944912
1197,15.0,15,135,0.010369786081363
1198,20.0,15,135,0.0138001961123753
1199,30.0,15,135,0.0140295119887671
1200,3.0,30,135,2733255.98335627
1201,3.5,30,135,325543.947371145
1202,4.0,30,135,31844.037096642
1203,4.5,30,135,3342.27322970416
1204,5.0,30,135,382.510842706317
1205,5.5,30,135,37.0622682765098
1206,6.0,30,135,-3.34800430410167
1207,7.0,30,135,-3.61305684450716
1208,8.0,30,135,-1.22459600189989
1209,9.0,30,135,-0.418402933397062
1210,10.0,30,135,-0.149881571167412
1211,12.0,30,135,-0.0156987418616536
1212,15.0,30,135,0.0104442077576228
1213,20.0,30,135,0.0138031114610663
1214,30.0,30,135,0.0140320396399744
1215,3.0,45,135,111708.333742707
1216,3.5,45,135,16405.5216200389
1217,4.0,45,135,2679.44952347586
1218,4.5,45,135,455.178951048038
1219,5.0,45,135,70.2568085419348
1220,5.5,45,135,3.84311345552406
1221,6.0,45,135,-5.2007455693982
1222,7.0,45,135,-2.96723138602851
1223,8.0,45,135,-1.07066243791623
1224,9.0,45,135,-0.383966142739487
1225,10.0,45,135,-0.141589434687386
1226,12.0,45,135,-0.0151260843822868
1227,15.0,45,135,0.0104442272152858
1228,20.0,45,135,0.0138007260073919
1229,30.0,45,135,0.014029531086436
1230,3.0,60,135,90368.257194968
1231,3.5,60,135,12205.4707687641
1232,4.0,60,135,1987.55960886857
1233,4.5,60,135,352.52573674038
1234,5.0,60,135,58.0122617884272
1235,5.5,60,135,3.82937959446231
1236,6.0,60,135,-4.31176424278206
1237,7.0,60,135,-2.70138649482979
1238,8.0,60,135,-1.01645042256824
1239,9.0,60,135,-0.374070538943607
1240,10.0,60,135,-0.140395037603902
1241,12.0,60,135,-0.0155220182264114
1242,15.0,60,135,0.0103391772844276
1243,20.0,60,135,0.0137918564451768
1244,30.0,60,135,0.0140320620480111
1245,3.0,75,135,89801.8677153611
1246,3.5,75,135,12085.9810625254
1247,4.0,75,135,1967.8270048321
1248,4.5,75,135,350.828113265727
1249,5.0,75,135,58.5752073131655
1250,5.5,75,135,4.26621510218659
1251,6.0,75,135,-4.1262950260116
1252,7.0,75,135,-2.70190102190635
1253,8.0,75,135,-1.03502169688279
1254,9.0,75,135,-0.38627584942383
1255,10.0,75,135,-0.146896494562018
1256,12.0,75,135,-0.0172098383798195
1257,15.0,75,135,0.0100852462022178
1258,20.0,75,135,0.0137742497380284
1259,30.0,75,135,0.0140320722720254
1260,3.0,90,135,89880.4345947726
1261,3.5,90,135,12112.3617179335
1262,4.0,90,135,1975.93810755792
1263,4.5,90,135,352.80896981895
1264,5.0,90,135,58.6892495048013
1265,5.5,90,135,3.93126102880831
1266,6.0,90,135,-4.48321312281694
1267,7.0,90,135,-2.89725705488807
1268,8.0,90,135,-1.12205671639322
1269,9.0,90,135,-0.424023362130081
1270,10.0,90,135,-0.163581671918674
1271,12.0,90,135,-0.0208297688693935
1272,15.0,90,135,0.00960391970385057
1273,20.0,90,135,0.0137440790507363
1274,30.0,90,135,0.0140295916980057
1275,3.0,105,135,90316.1782687173
1276,3.5,105,135,12246.9687605858
1277,4.0,105,135,2015.34678149878
1278,4.5,105,135,363.034217755311
1279,5.0,105,135,60.4328791200817
1280,5.5,105,135,3.5150512580785
1281,6.0,105,135,-5.23369762068127
1282,7.0,105,135,-3.34457796124146
1283,8.0,105,135,-1.31650746199467
1284,9.0,105,135,-0.505183865262179
1285,10.0,105,135,-0.198090910506068
1286,12.0,105,135,-0.0278154930654539
1287,15.0,105,135,0.00874767003151592
1288,20.0,105,135,0.013695177676505
1289,30.0,105,135,0.0140321112267054
1290,3.0,120,135,92578.29486268
1291,3.5,120,135,12978.8211986663
1292,4.0,120,135,2242.80253489833
1293,4.5,120,135,430.436198165924
1294,5.0,120,135,78.5641666032305
1295,5.5,120,135,7.15768303705639
1296,6.0,120,135,-5.42642709517084
1297,7.0,120,135,-4.17197333014821
1298,8.0,120,135,-1.71909725914634
1299,9.0,120,135,-0.673770764332377
1300,10.0,120,135,-0.268105557197049
1301,12.0,120,135,-0.0411173285419938
1302,15.0,120,135,0.00725416647050585
1303,20.0,120,135,0.0136184643421873
1304,30.0,120,135,0.0140321112267054
1305,3.0,135,135,108451.790024601
1306,3.5,135,135,18246.3208187714
1307,4.0,135,135,3893.07661842347
1308,4.5,135,135,930.682635603602
1309,5.0,135,135,225.588690442825
1310,5.5,135,135,47.9361023854543
1311,6.0,135,135,4.25529069471448
1312,7.0,135,135,-4.99722915508797
1313,8.0,135,135,-2.48962314315858
1314,9.0,135,135,-1.018827154426
1315,10.0,135,135,-0.409767300898824
1316,12.0,135,135,-0.0662573644927464
1317,15.0,135,135,0.0047064671642276
1318,20.0,135,135,0.0135027221397936
1319,30.0,135,135,0.0140235048131176
1320,3.0,150,135,272558.192335625
1321,3.5,150,135,72561.0596090876
1322,4.0,150,135,20040.5066857852
1323,4.5,150,135,5513.41231724792
1324,5.0,150,135,1507.16153495959
1325,5.5,150,135,404.0301977858
1326,6.0,150,135,101.138593550733
1327,7.0,150,135,-0.237150998161358
1328,8.0,150,135,-3.50790988893822
1329,9.0,150,135,-1.66680171341154
1330,10.0,150,135,-0.683721550508978
1331,12.0,150,135,-0.111878083387279
1332,15.0,150,135,0.000583553920616304
1333,20.0,150,135,0.0133391579056887
1334,30.0,150,135,0.0140244124992061
1335,3.0,165,135,3030768.69355807
1336,3.5,165,135,947912.340877499
1337,4.0,165,135,246159.763367845
1338,4.5,165,135,59485.3701278132
1339,5.0,165,135,14292.4433258134
1340,5.5,165,135,3506.73836043618
1341,6.0,165,135,877.06408268243
1342,7.0,165,135,48.7701262544688
1343,8.0,165,135,-2.30858933345774
1344,9.0,165,135,-2.59023986800778
1345,10.0,165,135,-1.14641807517451
1346,12.0,165,135,-0.186303281828838
1347,15.0,165,135,-0.00540037634692053
1348,20.0,165,135,0.0131324181524846
1349,30.0,165,135,0.0140201248598699
1350,3.0,175,135,25506055.2286859
1351,3.5,175,135,7610850.61004063
1352,4.0,175,135,1674115.90043668
1353,4.5,175,135,333368.084397443
1354,5.0,175,135,67093.8811601662
1355,5.5,175,135,14259.3188469502
1356,6.0,175,135,3219.48273809868
1357,7.0,175,135,178.678159665594
1358,8.0,175,135,4.21419334687331
1359,9.0,175,135,-3.05393366162937
1360,10.0,175,135,-1.539229719886
1361,12.0,175,135,-0.250620864047476
1362,15.0,175,135,-0.0101344137384828
1363,20.0,175,135,0.0129854156096565
1364,30.0,175,135,0.0140215142394757
1365,3.0,5,150,27245977979232
1366,3.5,5,150,2674329703.23746
1367,4.0,5,150,10772695.0109703
1368,4.5,5,150,217809.284407646
1369,5.0,5,150,10074.297233431
1370,5.5,5,150,722.331787006731
1371,6.0,5,150,55.0505645677316
1372,7.0,5,150,-4.44704841015238
1373,8.0,5,150,-1.55704793020403
1374,9.0,5,150,-0.493585826725212
1375,10.0,5,150,-0.168829632315501
1376,12.0,5,150,-0.017592889723849
1377,15.0,5,150,0.0103003105946148
1378,20.0,5,150,0.0137962095283064
1379,30.0,5,150,0.0140320288417418
1380,3.0,15,150,5514217595.68547
1381,3.5,15,150,79492753.1416699
1382,4.0,15,150,1597412.26719319
1383,4.5,15,150,62708.3971246454
1384,5.0,15,150,4021.83148759764
1385,5.5,15,150,337.168936279582
1386,6.0,15,150,23.6078036564879
1387,7.0,15,150,-4.2815108161312
1388,8.0,15,150,-1.4443505081131
1389,9.0,15,150,-0.466569597449686
1390,10.0,15,150,-0.161403600231088
1391,12.0,15,150,-0.0166424799815169
1392,15.0,15,150,0.0103999608321729
1393,20.0,15,150,0.0138023293774236
1394,30.0,15,150,0.0140295119887671
1395,3.0,30,150,2733253.46691629
1396,3.5,30,150,325543.521196499
1397,4.0,30,150,31844.0968450057
1398,4.5,30,150,3342.40483875468
1399,5.0,30,150,382.620497477645
1400,5.5,30,150,37.1387994969321
1401,6.0,30,150,-3.29774026303181
1402,7.0,30,150,-3.59241138404254
1403,8.0,30,150,-1.21604495627441
1404,9.0,30,150,-0.414727533084661
1405,10.0,30,150,-0.148230645989511
1406,12.0,30,150,-0.0153193720125346
1407,15.0,30,150,0.0104996274834461
1408,20.0,30,150,0.0138070642435692
1409,30.0,30,150,0.0140320396399744
1410,3.0,45,150,111704.07252138
1411,3.5,45,150,16404.7374923699
1412,4.0,45,150,2679.49819818212
1413,4.5,45,150,455.366426281619
1414,5.0,45,150,70.4200753100681
1415,5.5,45,150,3.95874940300437
1416,6.0,45,150,-5.12431993890607
1417,7.0,45,150,-2.93572351612071
1418,8.0,45,150,-1.05762071402854
1419,9.0,45,150,-0.378372671763384
1420,10.0,45,150,-0.139083763251425
1421,12.0,45,150,-0.0145535869960116
1422,15.0,45,150,0.0105272100268031
1423,20.0,45,150,0.0138065854107018
1424,30.0,45,150,0.014029531086436
1425,3.0,60,150,90359.6307496276
1426,3.5,60,150,12203.5943255256
1427,4.0,60,150,1987.41615035186
1428,4.5,60,150,352.742544315024
1429,5.0,60,150,58.2398483523944
1430,5.5,60,150,3.99945330958765
1431,6.0,60,150,-4.19686013995005
1432,7.0,60,150,-2.65338294646831
1433,8.0,60,150,-0.996604348035881
1434,9.0,60,150,-0.365610336732529
1435,10.0,60,150,-0.136634803943299
1436,12.0,60,150,-0.0146770752754418
1437,15.0,60,150,0.0104589003812036
1438,20.0,60,150,0.0138000665885215
1439,30.0,60,150,0.0140320620480111
1440,3.0,75,150,89780.4845732088
1441,3.5,75,150,12080.5269834976
1442,4.0,75,150,1966.80611680266
1443,4.5,75,150,350.92084747658
1444,5.0,75,150,58.859029487484
1445,5.5,75,150,4.51385900219421
1446,6.0,75,150,-3.94940755042756
1447,7.0,75,150,-2.62548628761852
1448,8.0,75,150,-1.00340193404982
1449,9.0,75,150,-0.372922908603147
1450,10.0,75,150,-0.141038511390156
1451,12.0,75,150,-0.0159301122951262
1452,15.0,75,150,0.0102597349489184
1453,20.0,75,150,0.0137856425821487
1454,30.0,75,150,0.0140295527433256
1455,3.0,90,150,89815.1832672809
1456,3.5,90,150,12093.6206772135
1457,4.0,90,150,1971.12341514187
1458,4.5,90,150,351.970012612634
1459,5.0,90,150,58.8524766277427
1460,5.5,90,150,4.25232902352266
1461,6.0,90,150,-4.21240402434068
1462,7.0,90,150,-2.76942766236685
1463,8.0,90,150,-1.06861020166892
1464,9.0,90,150,-0.401697582844644
1465,10.0,90,150,-0.153962114622583
1466,12.0,90,150,-0.0188116678808027
1467,15.0,90,150,0.00986425249406518
1468,20.0,90,150,0.0137599306760133
1469,30.0,90,150,0.0140321112267054
1470,3.0,105,150,90067.1699648845
1471,3.5,105,150,12169.5463943259
1472,4.0,105,150,1992.43422666237
1473,4.5,105,150,356.911379041837
1474,5.0,105,150,59.2412638320888
1475,5.5,105,150,3.61971853596309
1476,6.0,105,150,-4.89377805587589
1477,7.0,105,150,-3.1271639991928
1478,8.0,105,150,-1.22161185223833
1479,9.0,105,150,-0.465810919801996
1480,10.0,105,150,-0.181490134781899
1481,12.0,105,150,-0.0245131617531045
1482,15.0,105,150,0.0091434291109749
1483,20.0,105,150,0.0137171731671426
1484,30.0,105,150,0.0140295916980057
1485,3.0,120,150,91351.0185999849
1486,3.5,120,150,12578.6556942116
1487,4.0,120,150,2117.5058763158
1488,4.5,120,150,392.756499980873
1489,5.0,120,150,68.0255344545023
1490,5.5,120,150,4.7248851413016
1491,6.0,120,150,-5.61832010061537
1492,7.0,120,150,-3.84456394908629
1493,8.0,120,150,-1.54973893646915
1494,9.0,120,150,-0.602430535168565
1495,10.0,120,150,-0.238644678096083
1496,12.0,120,150,-0.0356238069134619
1497,15.0,120,150,0.00785441016142955
1498,20.0,120,150,0.0136482755251132
1499,30.0,120,150,0.0140321112267054
1500,3.0,135,150,100252.673866679
1501,3.5,135,150,15518.0606059678
1502,4.0,135,150,3041.38522164028
1503,4.5,135,150,673.494720428013
1504,5.0,135,150,149.8039635916
1505,5.5,135,150,26.4733178777015
1506,6.0,135,150,-1.24649510179464
1507,7.0,135,150,-4.87211032276753
1508,8.0,135,150,-2.22329014622956
1509,9.0,135,150,-0.89437168046169
1510,10.0,135,150,-0.358655831096382
1511,12.0,135,150,-0.0573759908603529
1512,15.0,135,150,0.00557605854688998
1513,20.0,135,150,0.0135406006032095
1514,30.0,135,150,0.0140264351319776
1515,3.0,150,150,194122.275377409
1516,3.5,150,150,46693.8486690271
1517,4.0,150,150,12484.6567118957
1518,4.5,150,150,3418.08267556546
1519,5.0,150,150,934.16675988128
1520,5.5,150,150,247.3351428492
1521,6.0,150,150,58.5676128614364
1522,7.0,150,150,-2.75080464624638
1523,8.0,150,150,-3.30620478584494
1524,9.0,150,150,-1.48736249263933
1525,10.0,150,150,-0.605843140029457
1526,12.0,150,150,-0.0991450376539612
1527,15.0,150,150,0.00168781934208165
1528,20.0,150,150,0.0133808311627517
1529,30.0,150,150,0.0140248013922809
1530,3.0,165,150,1974231.57208611
1531,3.5,165,150,617288.792412619
1532,4.0,165,150,164333.94958155
1533,4.5,165,150,40993.7230798366
1534,5.0,165,150,10149.7758828438
1535,5.5,165,150,2550.84477465471
1536,6.0,165,150,647.485675521159
1537,7.0,165,150,34.6022823933941
1538,8.0,165,150,-2.89655016087145
1539,9.0,165,150,-2.45283427130656
1540,10.0,165,150,-1.06622716670129
1541,12.0,165,150,-0.173416159677673
1542,15.0,165,150,-0.00441018618731817
1543,20.0,165,150,0.0131647877776272
1544,30.0,165,150,0.014020386344629
1545,3.0,175,150,20605367.3777445
1546,3.5,175,150,6192380.51821729
1547,4.0,175,150,1389099.12093296
1548,4.5,175,150,282755.681672821
1549,5.0,175,150,58035.5146363948
1550,5.5,175,150,12530.8351782342
1551,6.0,175,150,2862.52545721202
1552,7.0,175,150,160.157897352384
1553,8.0,175,150,3.24389040445949
1554,9.0,175,150,-3.02745881672027
1555,10.0,175,150,-1.50091207674148
1556,12.0,175,150,-0.244213197188398
1557,15.0,175,150,-0.00967624094395978
1558,20.0,175,150,0.0129991437332174
1559,30.0,175,150,0.0140216161232437
1560,3.0,5,180,27245977979231.1
1561,3.5,5,180,2674329703.12665
1562,4.0,5,180,10772695.0098765
1563,4.5,5,180,217809.303788735
1564,5.0,5,180,10074.3153003479
1565,5.5,5,180,722.344855072278
1566,6.0,5,180,55.0592777165381
1567,7.0,5,180,-4.44343735737755
1568,8.0,5,180,-1.55555426184821
1569,9.0,5,180,-0.492946947991387
1570,10.0,5,180,-0.168544428306524
1571,12.0,5,180,-0.0175282027581125
1572,15.0,5,180,0.0103095933361174
1573,20.0,5,180,0.0137968565358929
1574,30.0,5,180,0.0140320288417418
1575,3.0,15,180,5514217594.54294
1576,3.5,15,180,79492752.9444773
1577,4.0,15,180,1597412.2911793
1578,4.5,15,180,62708.454752994
1579,5.0,15,180,4021.87992445928
1580,5.5,15,180,337.202842364185
1581,6.0,15,180,23.6301008675457
1582,7.0,15,180,-4.27234564940755
1583,8.0,15,180,-1.44055503028288
1584,9.0,15,180,-0.464939006051562
1585,10.0,15,180,-0.160671601880186
1586,12.0,15,180,-0.0164744827271825
1587,15.0,15,180,0.010424460475186
1588,20.0,15,180,0.0138040729085422
1589,30.0,15,180,0.0140295119887671
1590,3.0,30,180,2733251.77987428
1591,3.5,30,180,325543.270981775
1592,4.0,30,180,31844.1668003885
1593,4.5,30,180,3342.51325020332
1594,5.0,30,180,382.706806557462
1595,5.5,30,180,37.1980793625249
1596,6.0,30,180,-3.2590766803996
1597,7.0,30,180,-3.57659464063471
1598,8.0,30,180,-1.20948764840473
1599,9.0,30,180,-0.411901392747187
1600,10.0,30,180,-0.146956903020422
1601,12.0,30,180,-0.0150245950492526
1602,15.0,30,180,0.0105431075987399
1603,20.0,30,180,0.0138102045169526
1604,30.0,30,180,0.0140320396399744
1605,3.0,45,180,111701.471804278
1606,3.5,45,180,16404.3301115527
1607,4.0,45,180,2679.58779178335
1608,4.5,45,180,455.521231732873
1609,5.0,45,180,70.5453145726668
1610,5.5,45,180,4.04526513630983
1611,6.0,45,180,-5.0677501939355
1612,7.0,45,180,-2.91254796119191
1613,8.0,45,180,-1.04801613251835
1614,9.0,45,180,-0.37423739572545
1615,10.0,45,180,-0.13722233211269
1616,12.0,45,180,-0.0141239365138965
1617,15.0,45,180,0.0105903573530561
1618,20.0,45,180,0.0138111249848814
1619,30.0,45,180,0.014029531086436
1620,3.0,60,180,90354.7239451031
1621,3.5,60,180,12202.6516193665
1622,4.0,60,180,1987.43881364844
1623,4.5,60,180,352.935941253622
1624,5.0,60,180,58.4136164797837
1625,5.5,60,180,4.12374945208408
1626,6.0,60,180,-4.11436826003929
1627,7.0,60,180,-2.61928959405144
1628,8.0,60,180,-0.982497268232594
1629,9.0,60,180,-0.359567911853963
1630,10.0,60,180,-0.133932541561869
1631,12.0,60,180,-0.0140618397425679
1632,15.0,60,180,0.0105476492133925
1633,20.0,60,180,0.0138062942725905
1634,30.0,60,180,0.0140320620480111
1635,3.0,75,180,89768.9423630672
1636,3.5,75,180,12077.8030401638
1637,4.0,75,180,1966.43675053109
1638,4.5,75,180,351.092085396391
1639,5.0,75,180,59.088527820251
1640,5.5,75,180,4.69483612797348
1641,6.0,75,180,-3.82459236788023
1642,7.0,75,180,-2.57268637604487
1643,8.0,75,180,-0.981575730958306
1644,9.0,75,180,-0.363657907125856
1645,10.0,75,180,-0.136943969223379
1646,12.0,75,180,-0.0150212333820247
1647,15.0,75,180,0.0103863866290879
1648,20.0,75,180,0.0137941442661271
1649,30.0,75,180,0.0140295527433256
1650,3.0,90,180,89781.4456485507
1651,3.5,90,180,12084.3560009139
1652,4.0,90,180,1968.97483534251
1653,4.5,90,180,351.759976159774
1654,5.0,90,180,59.0766862763462
1655,5.5,90,180,4.50469335732918
1656,6.0,90,180,-4.0189837224294
1657,7.0,90,180,-2.68246764260815
1658,8.0,90,180,-1.03248463551686
1659,9.0,90,180,-0.386538698346493
1660,10.0,90,180,-0.147377268168449
1661,12.0,90,180,-0.0174043680473049
1662,15.0,90,180,0.010050464673531
1663,20.0,90,180,0.0137716362085633
1664,30.0,90,180,0.0140321112267054
1665,3.0,105,180,89943.3413851055
1666,3.5,105,180,12131.9778587102
1667,4.0,105,180,1981.73587570529
1668,4.5,105,180,354.308162190244
1669,5.0,105,180,58.9221413541434
1670,5.5,105,180,3.84089048033653
1671,6.0,105,180,-4.61984905370079
1672,7.0,105,180,-2.97811953527206
1673,8.0,105,180,-1.15798766627482
1674,9.0,105,180,-0.439379968922171
1675,10.0,105,180,-0.17025653718638
1676,12.0,105,180,-0.0222322898708467
1677,15.0,105,180,0.00942467209833737
1678,20.0,105,180,0.0137333622521238
1679,30.0,105,180,0.0140295916980057
1680,3.0,120,180,90761.6797635208
1681,3.5,120,180,12388.7274738619
1682,4.0,120,180,2058.6605350992
1683,4.5,120,180,375.427505294421
1684,5.0,120,180,63.4473032241683
1685,5.5,120,180,3.87172517533945
1686,6.0,120,180,-5.50522621766097
1687,7.0,120,180,-3.6031490813949
1688,8.0,120,180,-1.43452779408547
1689,9.0,120,180,-0.554345983963534
1690,10.0,120,180,-0.218673802509383
1691,12.0,120,180,-0.0318213952158468
1692,15.0,120,180,0.00828265621032863
1693,20.0,120,180,0.0136703373110889
1694,30.0,120,180,0.0140321112267054
1695,3.0,135,180,96408.8620338703
1696,3.5,135,180,14242.4547224277
1697,4.0,135,180,2640.63389020562
1698,4.5,135,180,551.566976477195
1699,5.0,135,180,113.849009058101
1700,5.5,135,180,16.481218669148
1701,6.0,135,180,-3.61526281274332
1702,7.0,135,180,-4.6619742108449
1703,8.0,135,180,-2.0302937138018
1704,9.0,135,180,-0.808109396297766
1705,10.0,135,180,-0.323288310943041
1706,12.0,135,180,-0.0511181026971283
1707,15.0,135,180,0.00620722265236643
1708,20.0,135,180,0.0135690789562443
1709,30.0,135,180,0.014024236357737
1710,3.0,150,180,156997.052803555
1711,3.5,150,180,34392.7433229367
1712,4.0,150,180,8818.65465513105
1713,4.5,150,180,2375.03524825698
1714,5.0,150,180,641.803267742798
1715,5.5,150,180,165.862332768031
1716,6.0,150,180,36.2709945458628
1717,7.0,150,180,-3.92751156419935
1718,8.0,150,180,-3.11160470884407
1719,9.0,150,180,-1.35463770617068
1720,10.0,150,180,-0.549432819300828
1721,12.0,150,180,-0.0898275274497012
1722,15.0,150,180,0.00251629499817022
1723,20.0,150,180,0.0134130298397858
1724,30.0,150,180,0.0140251110966862
1725,3.0,165,180,1413961.76160864
1726,3.5,165,180,440129.770508262
1727,4.0,165,180,119163.324260175
1728,4.5,165,180,30413.6470354897
1729,5.0,165,180,7696.55312477757
1730,5.5,165,180,1967.73806893766
1731,6.0,165,180,504.124962141805
1732,7.0,165,180,25.5702422109263
1733,8.0,165,180,-3.22460100550328
1734,9.0,165,180,-2.33810275872868
1735,10.0,165,180,-1.0037559974429
1736,12.0,165,180,-0.163397321846785
1737,15.0,165,180,-0.00362883837619266
1738,20.0,165,180,0.0131907884953192
1739,30.0,165,180,0.0140206000955449
1740,3.0,175,180,17310189.9621409
1741,3.5,175,180,5230713.60938802
1742,4.0,175,180,1191742.97983042
1743,4.5,175,180,246870.430043329
1744,5.0,175,180,51473.9905610029
1745,5.5,175,180,11256.4009095261
1746,6.0,175,180,2595.63191760146
1747,7.0,175,180,146.067981483529
1748,8.0,175,180,2.5088274398394
1749,9.0,175,180,-3.00213331775813
1750,10.0,175,180,-1.46936147116361
1751,12.0,175,180,-0.2389647835573
1752,15.0,175,180,-0.0092989513262825
1753,20.0,175,180,0.0130105226362424
1754,30.0,175,180,0.0140217011057607
1755,3.0,5,210,27245977979232
1756,3.5,5,210,2674329703.23746
1757,4.0,5,210,10772695.0109703
1758,4.5,5,210,217809.284407646
1759,5.0,5,210,10074.297233431
1760,5.5,5,210,722.331787006731
1761,6.0,5,210,55.0505645677316
1762,7.0,5,210,-4.44704841015238
1763,8.0,5,210,-1.55704793020403
1764,9.0,5,210,-0.493585826725212
1765,10.0,5,210,-0.168829632315501
1766,12.0,5,210,-0.017592889723849
1767,15.0,5,210,0.0103003105946148
1768,20.0,5,210,0.0137962095283064
1769,30.0,5,210,0.0140320288417418
1770,3.0,15,210,5514217595.68546
1771,3.5,15,210,79492753.1416699
1772,4.0,15,210,1597412.26719319
1773,4.5,15,210,62708.3971246454
1774,5.0,15,210,4021.83148759764
1775,5.5,15,210,337.168936279582
1776,6.0,15,210,23.6078036564879
1777,7.0,15,210,-4.2815108161312
1778,8.0,15,210,-1.4443505081131
1779,9.0,15,210,-0.466569597449686
1780,10.0,15,210,-0.161403600231088
1781,12.0,15,210,-0.0166424799815169
1782,15.0,15,210,0.0103999608321729
1783,20.0,15,210,0.0138023293774236
1784,30.0,15,210,0.0140295119887671
1785,3.0,30,210,2733253.46691629
1786,3.5,30,210,325543.521196499
1787,4.0,30,210,31844.0968450057
1788,4.5,30,210,3342.40483875468
1789,5.0,30,210,382.620497477645
1790,5.5,30,210,37.1387994969321
1791,6.0,30,210,-3.29774026303181
1792,7.0,30,210,-3.59241138404254
1793,8.0,30,210,-1.21604495627441
1794,9.0,30,210,-0.414727533084661
1795,10.0,30,210,-0.148230645989511
1796,12.0,30,210,-0.0153193720125346
1797,15.0,30,210,0.0104996274834461
1798,20.0,30,210,0.0138070642435692
1799,30.0,30,210,0.0140320396399744
1800,3.0,45,210,111704.07252138
1801,3.5,45,210,16404.7374923699
1802,4.0,45,210,2679.49819818212
1803,4.5,45,210,455.366426281619
1804,5.0,45,210,70.4200753100681
1805,5.5,45,210,3.95874940300437
1806,6.0,45,210,-5.12431993890607
1807,7.0,45,210,-2.93572351612071
1808,8.0,45,210,-1.05762071402854
1809,9.0,45,210,-0.378372671763384
1810,10.0,45,210,-0.139083763251425
1811,12.0,45,210,-0.0145535869960116
1812,15.0,45,210,0.0105272100268031
1813,20.0,45,210,0.0138065854107018
1814,30.0,45,210,0.014029531086436
1815,3.0,60,210,90359.6307496276
1816,3.5,60,210,12203.5943255256
1817,4.0,60,210,1987.41615035186
1818,4.5,60,210,352.742544315024
1819,5.0,60,210,58.2398483523944
1820,5.5,60,210,3.99945330958765
1821,6.0,60,210,-4.19686013995005
1822,7.0,60,210,-2.65338294646831
1823,8.0,60,210,-0.996604348035881
1824,9.0,60,210,-0.365610336732529
1825,10.0,60,210,-0.136634803943299
1826,12.0,60,210,-0.0146770752754418
1827,15.0,60,210,0.0104589003812036
1828,20.0,60,210,0.0138000665885215
1829,30.0,60,210,0.0140320620480111
1830,3.0,75,210,89780.4845732088
1831,3.5,75,210,12080.5269834976
1832,4.0,75,210,1966.80611680266
1833,4.5,75,210,350.92084747658
1834,5.0,75,210,58.859029487484
1835,5.5,75,210,4.51385900219421
1836,6.0,75,210,-3.94940755042756
1837,7.0,75,210,-2.62548628761852
1838,8.0,75,210,-1.00340193404982
1839,9.0,75,210,-0.372922908603147
1840,10.0,75,210,-0.141038511390156
1841,12.0,75,210,-0.0159301122951262
1842,15.0,75,210,0.0102597349489184
1843,20.0,75,210,0.0137856425821487
1844,30.0,75,210,0.0140295527433256
1845,3.0,90,210,89815.1832672809
1846,3.5,90,210,12093.6206772135
1847,4.0,90,210,1971.12341514187
1848,4.5,90,210,351.970012612634
1849,5.0,90,210,58.8524766277427
1850,5.5,90,210,4.25232902352266
1851,6.0,90,210,-4.21240402434068
1852,7.0,90,210,-2.76942766236685
1853,8.0,90,210,-1.06861020166892
1854,9.0,90,210,-0.401697582844644
1855,10.0,90,210,-0.153962114622583
1856,12.0,90,210,-0.0188116678808027
1857,15.0,90,210,0.00986425249406518
1858,20.0,90,210,0.0137599306760133
1859,30.0,90,210,0.0140321112267054
1860,3.0,105,210,90067.1699648845
1861,3.5,105,210,12169.5463943259
1862,4.0,105,210,1992.43422666237
1863,4.5,105,210,356.911379041837
1864,5.0,105,210,59.2412638320888
1865,5.5,105,210,3.61971853596309
1866,6.0,105,210,-4.89377805587589
1867,7.0,105,210,-3.1271639991928
1868,8.0,105,210,-1.22161185223833
1869,9.0,105,210,-0.465810919801996
1870,10.0,105,210,-0.181490134781899
1871,12.0,105,210,-0.0245131617531045
1872,15.0,105,210,0.0091434291109749
1873,20.0,105,210,0.0137171731671426
1874,30.0,105,210,0.0140295916980057
1875,3.0,120,210,91351.0185999849
1876,3.5,120,210,12578.6556942116
1877,4.0,120,210,2117.5058763158
1878,4.5,120,210,392.756499980873
1879,5.0,120,210,68.0255344545023
1880,5.5,120,210,4.7248851413016
1881,6.0,120,210,-5.61832010061537
1882,7.0,120,210,-3.84456394908629
1883,8.0,120,210,-1.54973893646915
1884,9.0,120,210,-0.602430535168565
1885,10.0,120,210,-0.238644678096083
1886,12.0,120,210,-0.0356238069134619
1887,15.0,120,210,0.00785441016142955
1888,20.0,120,210,0.0136482755251132
1889,30.0,120,210,0.0140321112267054
1890,3.0,135,210,100252.673866679
1891,3.5,135,210,15518.0606059678
1892,4.0,135,210,3041.38522164028
1893,4.5,135,210,673.494720428013
1894,5.0,135,210,149.8039635916
1895,5.5,135,210,26.4733178777015
1896,6.0,135,210,-1.24649510179464
1897,7.0,135,210,-4.87211032276753
1898,8.0,135,210,-2.22329014622956
1899,9.0,135,210,-0.89437168046169
1900,10.0,135,210,-0.358655831096382
1901,12.0,135,210,-0.0573759908603529
1902,15.0,135,210,0.00557605854688998
1903,20.0,135,210,0.0135406006032095
1904,30.0,135,210,0.0140264351319776
1905,3.0,150,210,194122.275377409
1906,3.5,150,210,46693.8486690271
1907,4.0,150,210,12484.6567118957
1908,4.5,150,210,3418.08267556546
1909,5.0,150,210,934.16675988128
1910,5.5,150,210,247.3351428492
1911,6.0,150,210,58.5676128614364
1912,7.0,150,210,-2.75080464624638
1913,8.0,150,210,-3.30620478584494
1914,9.0,150,210,-1.48736249263933
1915,10.0,150,210,-0.605843140029457
1916,12.0,150,210,-0.0991450376539612
1917,15.0,150,210,0.00168781934208165
1918,20.0,150,210,0.0133808311627517
1919,30.0,150,210,0.0140248013922809
1920,3.0,165,210,1974231.57208611
1921,3.5,165,210,617288.792412618
1922,4.0,165,210,164333.949581549
1923,4.5,165,210,40993.7230798365
1924,5.0,165,210,10149.7758828438
1925,5.5,165,210,2550.8447746547
1926,6.0,165,210,647.485675521156
1927,7.0,165,210,34.6022823933939
1928,8.0,165,210,-2.89655016087146
1929,9.0,165,210,-2.45283427130656
1930,10.0,165,210,-1.06622716670129
1931,12.0,165,210,-0.173416159677672
1932,15.0,165,210,-0.00441018618731812
1933,20.0,165,210,0.0131647877776272
1934,30.0,165,210,0.014020386344629
1935,3.0,175,210,20605367.3777445
1936,3.5,175,210,6192380.51821729
1937,4.0,175,210,1389099.12093297
1938,4.5,175,210,282755.681672821
1939,5.0,175,210,58035.5146363949
1940,5.5,175,210,12530.8351782342
1941,6.0,175,210,2862.52545721202
1942,7.0,175,210,160.157897352385
1943,8.0,175,210,3.2438904044595
1944,9.0,175,210,-3.02745881672027
1945,10.0,175,210,-1.50091207674148
1946,12.0,175,210,-0.244213197188398
1947,15.0,175,210,-0.00967624094395978
1948,20.0,175,210,0.0129991437332174
1949,30.0,175,210,0.0140216161232437
1950,3.0,5,225,27245977979232.6
1951,3.5,5,225,2674329703.37599
1952,4.0,5,225,10772695.0138213
1953,4.5,5,225,217809.261504397
1954,5.0,5,225,10074.2755806832
1955,5.5,5,225,722.316060531089
1956,6.0,5,225,55.0400610923428
1957,7.0,5,225,-4.45140589878076
1958,8.0,5,225,-1.55885017841133
1959,9.0,5,225,-0.49435632472525
1960,10.0,5,225,-0.169173381362797
1961,12.0,5,225,-0.0176707535048626
1962,15.0,5,225,0.0102891568275344
1963,20.0,5,225,0.0137954338908681
1964,30.0,5,225,0.0140320288417418
1965,3.0,15,225,5514217597.20958
1966,3.5,15,225,79492753.4192109
1967,4.0,15,225,1597412.24733258
1968,4.5,15,225,62708.3284200334
1969,5.0,15,225,4021.77204725816
1970,5.5,15,225,337.126926699093
1971,6.0,15,225,23.5800641015093
1972,7.0,15,225,-4.29294064291102
1973,8.0,15,225,-1.44908182893325
1974,9.0,15,225,-0.46859936713424
1975,10.0,15,225,-0.162313177973726
1976,12.0,15,225,-0.0168504519944912
1977,15.0,15,225,0.010369786081363
1978,20.0,15,225,0.0138001961123753
1979,30.0,15,225,0.0140295119887671
1980,3.0,30,225,2733255.98335627
1981,3.5,30,225,325543.947371145
1982,4.0,30,225,31844.037096642
1983,4.5,30,225,3342.27322970416
1984,5.0,30,225,382.510842706317
1985,5.5,30,225,37.0622682765098
1986,6.0,30,225,-3.34800430410167
1987,7.0,30,225,-3.61305684450716
1988,8.0,30,225,-1.22459600189989
1989,9.0,30,225,-0.418402933397062
1990,10.0,30,225,-0.149881571167412
1991,12.0,30,225,-0.0156987418616536
1992,15.0,30,225,0.0104442077576228
1993,20.0,30,225,0.0138031114610663
1994,30.0,30,225,0.0140320396399744
1995,3.0,45,225,111708.333742707
1996,3.5,45,225,16405.5216200389
1997,4.0,45,225,2679.44952347586
1998,4.5,45,225,455.178951048038
1999,5.0,45,225,70.2568085419348
2000,5.5,45,225,3.84311345552406
2001,6.0,45,225,-5.2007455693982
2002,7.0,45,225,-2.96723138602851
2003,8.0,45,225,-1.07066243791623
2004,9.0,45,225,-0.383966142739487
2005,10.0,45,225,-0.141589434687386
2006,12.0,45,225,-0.0151260843822868
2007,15.0,45,225,0.0104442272152858
2008,20.0,45,225,0.0138007260073919
2009,30.0,45,225,0.014029531086436
2010,3.0,60,225,90368.257194968
2011,3.5,60,225,12205.4707687641
2012,4.0,60,225,1987.55960886857
2013,4.5,60,225,352.525736740381
2014,5.0,60,225,58.0122617884272
2015,5.5,60,225,3.82937959446231
2016,6.0,60,225,-4.31176424278206
2017,7.0,60,225,-2.70138649482979
2018,8.0,60,225,-1.01645042256824
2019,9.0,60,225,-0.374070538943607
2020,10.0,60,225,-0.140395037603902
2021,12.0,60,225,-0.0155220182264114
2022,15.0,60,225,0.0103391772844276
2023,20.0,60,225,0.0137918564451768
2024,30.0,60,225,0.0140320620480111
2025,3.0,75,225,89801.8677153611
2026,3.5,75,225,12085.9810625254
2027,4.0,75,225,1967.8270048321
2028,4.5,75,225,350.828113265727
2029,5.0,75,225,58.5752073131641
2030,5.5,75,225,4.2662151021863
2031,6.0,75,225,-4.12629502601163
2032,7.0,75,225,-2.70190102190633
2033,8.0,75,225,-1.03502169688278
2034,9.0,75,225,-0.386275849423827
2035,10.0,75,225,-0.146896494562017
2036,12.0,75,225,-0.0172098383798193
2037,15.0,75,225,0.0100852462022178
2038,20.0,75,225,0.0137742497380284
2039,30.0,75,225,0.0140320722720254
2040,3.0,90,225,89880.4345947726
2041,3.5,90,225,12112.3617179335
2042,4.0,90,225,1975.93810755792
2043,4.5,90,225,352.80896981895
2044,5.0,90,225,58.6892495048013
2045,5.5,90,225,3.93126102880831
2046,6.0,90,225,-4.48321312281693
2047,7.0,90,225,-2.89725705488807
2048,8.0,90,225,-1.12205671639322
2049,9.0,90,225,-0.424023362130081
2050,10.0,90,225,-0.163581671918674
2051,12.0,90,225,-0.0208297688693934
2052,15.0,90,225,0.00960391970385057
2053,20.0,90,225,0.0137440790507363
2054,30.0,90,225,0.0140295916980057
2055,3.0,105,225,90316.1782687173
2056,3.5,105,225,12246.9687605858
2057,4.0,105,225,2015.34678149878
2058,4.5,105,225,363.034217755311
2059,5.0,105,225,60.4328791200802
2060,5.5,105,225,3.5150512580782
2061,6.0,105,225,-5.23369762068129
2062,7.0,105,225,-3.34457796124144
2063,8.0,105,225,-1.31650746199466
2064,9.0,105,225,-0.505183865262175
2065,10.0,105,225,-0.198090910506067
2066,12.0,105,225,-0.0278154930654537
2067,15.0,105,225,0.00874767003151592
2068,20.0,105,225,0.013695177676505
2069,30.0,105,225,0.0140321112267054
2070,3.0,120,225,92578.29486268
2071,3.5,120,225,12978.8211986663
2072,4.0,120,225,2242.80253489833
2073,4.5,120,225,430.436198165924
2074,5.0,120,225,78.5641666032303
2075,5.5,120,225,7.15768303705639
2076,6.0,120,225,-5.42642709517085
2077,7.0,120,225,-4.1719733301482
2078,8.0,120,225,-1.71909725914634
2079,9.0,120,225,-0.673770764332377
2080,10.0,120,225,-0.268105557197049
2081,12.0,120,225,-0.0411173285419938
2082,15.0,120,225,0.00725416647050585
2083,20.0,120,225,0.0136184643421873
2084,30.0,120,225,0.0140321112267054
2085,3.0,135,225,108451.790024601
2086,3.5,135,225,18246.3208187714
2087,4.0,135,225,3893.07661842347
2088,4.5,135,225,930.682635603602
2089,5.0,135,225,225.588690442825
2090,5.5,135,225,47.9361023854543
2091,6.0,135,225,4.25529069471448
2092,7.0,135,225,-4.99722915508797
2093,8.0,135,225,-2.48962314315858
2094,9.0,135,225,-1.018827154426
2095,10.0,135,225,-0.409767300898824
2096,12.0,135,225,-0.0662573644927464
2097,15.0,135,225,0.0047064671642276
2098,20.0,135,225,0.0135027221397936
2099,30.0,135,225,0.0140235048131176
2100,3.0,150,225,272558.192335625
2101,3.5,150,225,72561.0596090876
2102,4.0,150,225,20040.5066857852
2103,4.5,150,225,5513.41231724792
2104,5.0,150,225,1507.16153495959
2105,5.5,150,225,404.0301977858
2106,6.0,150,225,101.138593550733
2107,7.0,150,225,-0.237150998161358
2108,8.0,150,225,-3.50790988893822
2109,9.0,150,225,-1.66680171341154
2110,10.0,150,225,-0.683721550508978
2111,12.0,150,225,-0.111878083387279
2112,15.0,150,225,0.000583553920616304
2113,20.0,150,225,0.0133391579056887
2114,30.0,150,225,0.0140244124992061
2115,3.0,165,225,3030768.69355804
2116,3.5,165,225,947912.340877487
2117,4.0,165,225,246159.763367843
2118,4.5,165,225,59485.3701278127
2119,5.0,165,225,14292.4433258133
2120,5.5,165,225,3506.73836043613
2121,6.0,165,225,877.06408268242
2122,7.0,165,225,48.7701262544681
2123,8.0,165,225,-2.30858933345775
2124,9.0,165,225,-2.59023986800778
2125,10.0,165,225,-1.14641807517451
2126,12.0,165,225,-0.186303281828838
2127,15.0,165,225,-0.00540037634692049
2128,20.0,165,225,0.0131324181524846
2129,30.0,165,225,0.0140201248598699
2130,3.0,175,225,25506055.2286859
2131,3.5,175,225,7610850.61004063
2132,4.0,175,225,1674115.90043668
2133,4.5,175,225,333368.084397443
2134,5.0,175,225,67093.8811601662
2135,5.5,175,225,14259.3188469502
2136,6.0,175,225,3219.48273809868
2137,7.0,175,225,178.678159665594
2138,8.0,175,225,4.21419334687331
2139,9.0,175,225,-3.05393366162937
2140,10.0,175,225,-1.539229719886
2141,12.0,175,225,-0.250620864047476
2142,15.0,175,225,-0.0101344137384828
2143,20.0,175,225,0.0129854156096565
2144,30.0,175,225,0.0140215142394757
2145,3.0,5,240,27245977979233.6
2146,3.5,5,240,2674329703.56861
2147,4.0,5,240,10772695.0202295
2148,4.5,5,240,217809.231834059
2149,5.0,5,240,10074.2470033171
2150,5.5,5,240,722.295193456487
2151,6.0,5,240,55.0260937534604
2152,7.0,5,240,-4.45720807169913
2153,8.0,5,240,-1.56124967646721
2154,9.0,5,240,-0.495381547146725
2155,10.0,5,240,-0.1696304197875
2156,12.0,5,240,-0.0177741091310458
2157,15.0,5,240,0.0102743845120213
2158,20.0,5,240,0.0137944095715317
2159,30.0,5,240,0.0140320288417418
2160,3.0,15,240,5514217599.50999
2161,3.5,15,240,79492753.8632897
2162,4.0,15,240,1597412.23849603
2163,4.5,15,240,62708.2389591071
2164,5.0,15,240,4021.6913469265
2165,5.5,15,240,337.069131204334
2166,6.0,15,240,23.5416873518574
2167,7.0,15,240,-4.30880613624352
2168,8.0,15,240,-1.45564622866267
2169,9.0,15,240,-0.471410550538558
2170,10.0,15,240,-0.163570090053969
2171,12.0,15,240,-0.0171364772829898
2172,15.0,15,240,0.0103285547797526
2173,20.0,15,240,0.013797305474154
2174,30.0,15,240,0.0140295119887671
2175,3.0,30,240,2733260.34418773
2176,3.5,30,240,325544.783710589
2177,4.0,30,240,31844.0157228851
2178,4.5,30,240,3342.10052374684
2179,5.0,30,240,382.355885933444
2180,5.5,30,240,36.9514768394299
2181,6.0,30,240,-3.42151982124382
2182,7.0,30,240,-3.64343685138885
2183,8.0,30,240,-1.23716668475996
2184,9.0,30,240,-0.423787546758508
2185,10.0,30,240,-0.152289804583072
2186,12.0,30,240,-0.0162471083300106
2187,15.0,30,240,0.0103650906939847
2188,20.0,30,240,0.0137975584103459
2189,30.0,30,240,0.0140320396399744
2190,3.0,45,240,111716.642311968
2191,3.5,45,240,16407.2801378123
2192,4.0,45,240,2679.54696571027
2193,4.5,45,240,454.942789800521
2194,5.0,45,240,70.020329094999
2195,5.5,45,240,3.66856732557619
2196,6.0,45,240,-5.31808979454987
2197,7.0,45,240,-3.01610772809867
2198,8.0,45,240,-1.09087252511993
2199,9.0,45,240,-0.392591929649045
2200,10.0,45,240,-0.145429348116297
2201,12.0,45,240,-0.0159918562938627
2202,15.0,45,240,0.0103209850427948
2203,20.0,45,240,0.0137922242220495
2204,30.0,45,240,0.014029531086436
2205,3.0,60,240,90386.7389006586
2206,3.5,60,240,12209.9574987912
2207,4.0,60,240,1988.25454751116
2208,4.5,60,240,352.320664475511
2209,5.0,60,240,57.6883299806851
2210,5.5,60,240,3.56660467620629
2211,6.0,60,240,-4.49486549193717
2212,7.0,60,240,-2.77932648376498
2213,8.0,60,240,-1.04867552110757
2214,9.0,60,240,-0.387726665920606
2215,10.0,60,240,-0.146415986212529
2216,12.0,60,240,-0.0168517252600705
2217,15.0,60,240,0.0101551605665465
2218,20.0,60,240,0.0137796119887454
2219,30.0,60,240,0.0140320620480111
2220,3.0,75,240,89851.3489069116
2221,3.5,75,240,12099.5508965087
2222,4.0,75,240,1970.96316767671
2223,4.5,75,240,351.126120315621
2224,5.0,75,240,58.2400497523909
2225,5.5,75,240,3.8921690609489
2226,6.0,75,240,-4.41240149787958
2227,7.0,75,240,-2.83039540402065
2228,8.0,75,240,-1.08839801621573
2229,9.0,75,240,-0.408678279808113
2230,10.0,75,240,-0.156630976956647
2231,12.0,75,240,-0.019291776228968
2232,15.0,75,240,0.0098094825988851
2233,20.0,75,240,0.0137568909519504
2234,30.0,75,240,0.0140320722720254
2235,3.0,90,240,90042.1076894562
2236,3.5,90,240,12160.8872244061
2237,4.0,90,240,1989.50312697831
2238,4.5,90,240,355.948679132101
2239,5.0,90,240,58.945071650254
2240,5.5,90,240,3.54322034187091
2241,6.0,90,240,-4.9022771280764
2242,7.0,90,240,-3.11578001734477
2243,8.0,90,240,-1.21476761684621
2244,9.0,90,240,-0.462578760648177
2245,10.0,90,240,-0.180021905694442
2246,12.0,90,240,-0.0241945938171843
2247,15.0,90,240,0.00918437642177122
2248,20.0,90,240,0.0137195908084528
2249,30.0,90,240,0.0140295916980057
2250,3.0,105,240,90974.1721305858
2251,3.5,105,240,12456.6645172507
2252,4.0,105,240,2079.49375662323
2253,4.5,105,240,381.44520180414
2254,5.0,105,240,64.9625822932192
2255,5.5,105,240,4.09947707965532
2256,6.0,105,240,-5.59338979151774
2257,7.0,105,240,-3.70725046959225
2258,8.0,105,240,-1.48244389305482
2259,9.0,105,240,-0.574178270310119
2260,10.0,105,240,-0.226900254241371
2261,12.0,105,240,-0.0333929906275434
2262,15.0,105,240,0.00810430238210054
2263,20.0,105,240,0.0136610502820961
2264,30.0,105,240,0.0140321112267054
2265,3.0,120,240,96019.0066363618
2266,3.5,120,240,14113.262468908
2267,4.0,120,240,2599.92074710395
2268,4.5,120,240,539.132029530261
2269,5.0,120,240,110.178772305217
2270,5.5,120,240,15.4698664572631
2271,6.0,120,240,-3.84546886523706
2272,7.0,120,240,-4.63286478592356
2273,8.0,120,240,-2.0071027412524
2274,9.0,120,240,-0.797851094449411
2275,10.0,120,240,-0.319077479759395
2276,12.0,120,240,-0.0503677442227503
2277,15.0,120,240,0.00628354145238379
2278,20.0,120,240,0.0135725427777525
2279,30.0,120,240,0.0140267979558477
2280,3.0,135,240,132437.312044363
2281,3.5,135,240,26231.6766543876
2282,4.0,135,240,6349.43936880371
2283,4.5,135,240,1658.68733529327
2284,5.0,135,240,437.314941536826
2285,5.5,135,240,108.169846278041
2286,6.0,135,240,20.4847569696278
2287,7.0,135,240,-4.62107161455703
2288,8.0,135,240,-2.89362848658062
2289,9.0,135,240,-1.22640885932659
2290,10.0,135,240,-0.495677243753233
2291,12.0,135,240,-0.080855350878034
2292,15.0,135,240,0.0033321588782344
2293,20.0,135,240,0.013445572256663
2294,30.0,135,240,0.0140229147493875
2295,3.0,150,240,499707.085011654
2296,3.5,150,240,146799.492893435
2297,4.0,150,240,41022.8429969342
2298,4.5,150,240,11094.9117494363
2299,5.0,150,240,2972.81031074897
2300,5.5,150,240,791.73214203214
2301,6.0,150,240,204.385196313732
2302,7.0,150,240,6.3036731342296
2303,8.0,150,240,-3.63714664137659
2304,9.0,150,240,-1.93906859397899
2305,10.0,150,240,-0.806724272061331
2306,12.0,150,240,-0.131776988347682
2307,15.0,150,240,-0.00108704141622995
2308,20.0,150,240,0.0132784785913167
2309,30.0,150,240,0.0140238678555087
2310,3.0,165,240,5614887.01804485
2311,3.5,165,240,1743782.38796947
2312,4.0,165,240,434593.034142485
2313,4.5,165,240,99892.7044262107
2314,5.0,165,240,22904.9566215765
2315,5.5,165,240,5411.01654539032
2316,6.0,165,240,1319.19846289602
2317,7.0,165,240,75.1277759470768
2318,8.0,165,240,-1.08720467337475
2319,9.0,165,240,-2.76562335116425
2320,10.0,165,240,-1.26162583032734
2321,12.0,165,240,-0.204914113834107
2322,15.0,165,240,-0.00680352077910144
2323,20.0,165,240,0.0130875790649419
2324,30.0,165,240,0.0140197706192871
2325,3.0,175,240,34076603.5647174
2326,3.5,175,240,10063828.0568562
2327,4.0,175,240,2153150.57929077
2328,4.5,175,240,415783.770886211
2329,5.0,175,240,81431.4095262078
2330,5.5,175,240,16931.9903068268
2331,6.0,175,240,3761.39247458272
2332,7.0,175,240,206.156731230445
2333,8.0,175,240,5.65868936406166
2334,9.0,175,240,-3.08161851648799
2335,10.0,175,240,-1.59062998191208
2336,12.0,175,240,-0.259279256872165
2337,15.0,175,240,-0.0107493877806444
2338,20.0,175,240,0.0129671405981231
2339,30.0,175,240,0.0140213796800053
2340,3.0,5,270,27245977979235.7
2341,3.5,5,270,2674329704.09519
2342,4.0,5,270,10772695.049683
2343,4.5,5,270,217809.161364642
2344,5.0,5,270,10074.1763662382
2345,5.5,5,270,722.2430418068
2346,6.0,5,270,54.9910295108953
2347,7.0,5,270,-4.47181364758844
2348,8.0,5,270,-1.56728871704652
2349,9.0,5,270,-0.497958833478643
2350,10.0,5,270,-0.17077762751484
2351,12.0,5,270,-0.0180327094360969
2352,15.0,5,270,0.0102375849259724
2353,20.0,5,270,0.0137918721781074
2354,30.0,5,270,0.0140320288417418
2355,3.0,15,270,5514217606.915
2356,3.5,15,270,79492755.4340872
2357,4.0,15,270,1597412.32826254
2358,4.5,15,270,62708.0304394426
2359,5.0,15,270,4021.4818225047
2360,5.5,15,270,336.914336522683
2361,6.0,15,270,23.4375828083353
2362,7.0,15,270,-4.35217744470144
2363,8.0,15,270,-1.47357959046768
2364,9.0,15,270,-0.479063797033711
2365,10.0,15,270,-0.166976589813135
2366,12.0,15,270,-0.0179043014759839
2367,15.0,15,270,0.0102193002868009
2368,20.0,15,270,0.0137897726937418
2369,30.0,15,270,0.0140295119887671
2370,3.0,30,270,2733278.8954187
2371,3.5,30,270,325548.999049877
2372,4.0,30,270,31844.4739857327
2373,4.5,30,270,3341.73458682012
2374,5.0,30,270,381.929766021774
2375,5.5,30,270,36.6250429015437
2376,6.0,30,270,-3.64421129770048
2377,7.0,30,270,-3.73702502705029
2378,8.0,30,270,-1.27585683417991
2379,9.0,30,270,-0.440247867447943
2380,10.0,30,270,-0.159586160863159
2381,12.0,30,270,-0.0178772569107748
2382,15.0,30,270,0.01013589365766
2383,20.0,30,270,0.0137819945066212
2384,30.0,30,270,0.0140320396399744
2385,3.0,45,270,111762.214396389
2386,3.5,45,270,16418.8035801488
2387,4.0,45,270,2681.63884604592
2388,4.5,45,270,454.688864607558
2389,5.0,45,270,69.3798840198806
2390,5.5,45,270,3.11869461772276
2391,6.0,45,270,-5.70879649210066
2392,7.0,45,270,-3.18438944350852
2393,8.0,45,270,-1.16050824220069
2394,9.0,45,270,-0.422028090510283
2395,10.0,45,270,-0.15836060842297
2396,12.0,45,270,-0.0188252553896243
2397,15.0,45,270,0.00993301035273027
2398,20.0,45,270,0.0137667469133896
2399,30.0,45,270,0.014029531086436
2400,3.0,60,270,90514.2915378276
2401,3.5,60,270,12245.6726324235
2402,4.0,60,270,1996.925324102
2403,4.5,60,270,353.472927381558
2404,5.0,60,270,57.0641229679249
2405,5.5,60,270,2.75042278591642
2406,6.0,60,270,-5.14087702303616
2407,7.0,60,270,-3.07483049585123
2408,8.0,60,270,-1.17175209878567
2409,9.0,60,270,-0.439307213661301
2410,10.0,60,270,-0.168767120143082
2411,12.0,60,270,-0.0216021744643816
2412,15.0,60,270,0.0095311367426428
2413,20.0,60,270,0.0137407171770663
2414,30.0,60,270,0.0140320620480111
2415,3.0,75,270,90275.9256600314
2416,3.5,75,270,12228.2120876602
2417,4.0,75,270,2007.49568640528
2418,4.5,75,270,359.946213619627
2419,5.0,75,270,59.2673367494804
2420,5.5,75,270,3.0929110831248
2421,6.0,75,270,-5.37660606841121
2422,7.0,75,270,-3.35111232041032
2423,8.0,75,270,-1.31056483183925
2424,9.0,75,270,-0.501071901497788
2425,10.0,75,270,-0.195966968579717
2426,12.0,75,270,-0.0273109076245595
2427,15.0,75,270,0.00881465681892237
2428,20.0,75,270,0.0136991362375893
2429,30.0,75,270,0.0140295527433256
2430,3.0,90,270,91769.4182258971
2431,3.5,90,270,12713.2885059076
2432,4.0,90,270,2158.99913349429
2433,4.5,90,270,404.903691175608
2434,5.0,90,270,71.2285607785213
2435,5.5,90,270,5.33518224764728
2436,6.0,90,270,-5.67758995422907
2437,7.0,90,270,-3.9981820077306
2438,8.0,90,270,-1.62240864626656
2439,9.0,90,270,-0.632370408421438
2440,10.0,90,270,-0.250926264993224
2441,12.0,90,270,-0.0379135440932326
2442,15.0,90,270,0.00760242967881593
2443,20.0,90,270,0.0136356088332324
2444,30.0,90,270,0.0140321112267054
2445,3.0,105,270,99800.58963822
2446,3.5,105,270,15367.4707860487
2447,4.0,105,270,2993.97795827374
2448,4.5,105,270,659.007027836923
2449,5.0,105,270,145.478820723446
2450,5.5,105,270,25.2326752291046
2451,6.0,105,270,-1.56824348787651
2452,7.0,105,270,-4.86458006915887
2453,8.0,105,270,-2.20713532524532
2454,9.0,105,270,-0.886748809935513
2455,10.0,105,270,-0.355505652758651
2456,12.0,105,270,-0.056826084898781
2457,15.0,105,270,0.00562962340782803
2458,20.0,105,270,0.0135428825678653
2459,30.0,105,270,0.0140239466745878
2460,3.0,120,270,153970.903316087
2461,3.5,120,270,33388.0616168066
2462,4.0,120,270,8516.42038542038
2463,4.5,120,270,2287.99158264936
2464,5.0,120,270,617.112659203189
2465,5.5,120,270,158.916299032886
2466,6.0,120,270,34.3613948978023
2467,7.0,120,270,-4.02336547684232
2468,8.0,120,270,-3.09154157733001
2469,9.0,120,270,-1.34176177918825
2470,10.0,120,270,-0.543994419912674
2471,12.0,120,270,-0.0889304608394748
2472,15.0,120,270,0.00259563335253702
2473,20.0,120,270,0.0134160511269683
2474,30.0,120,270,0.0140251437163873
2475,3.0,135,270,616855.910969605
2476,3.5,135,270,184800.168031997
2477,4.0,135,270,51494.6681747968
2478,4.5,135,270,13793.045158711
2479,5.0,135,270,3659.34186156752
2480,5.5,135,270,968.526114728191
2481,6.0,135,270,250.591622892408
2482,7.0,135,270,9.28534712870857
2483,8.0,135,270,-3.62104626759933
2484,9.0,135,270,-2.02558515652473
2485,10.0,135,270,-0.847401823879669
2486,12.0,135,270,-0.138323405597259
2487,15.0,135,270,-0.00162448191925503
2488,20.0,135,270,0.0132594469933573
2489,30.0,135,270,0.0140211833504726
2490,3.0,150,270,5035520.0463569
2491,3.5,150,270,1566595.66729233
2492,4.0,150,270,393448.638664372
2493,4.5,150,270,91271.7446775708
2494,5.0,150,270,21107.7888066786
2495,5.5,150,270,5021.20738660349
2496,6.0,150,270,1230.0788891268
2497,7.0,150,270,69.9039612986399
2498,8.0,150,270,-1.33814294557546
2499,9.0,150,270,-2.73683073814374
2500,10.0,150,270,-1.2413457042332
2501,12.0,150,270,-0.201628843605765
2502,15.0,150,270,-0.00655842001105813
2503,20.0,150,270,0.0130952964560258
2504,30.0,150,270,0.0140223509796028
2505,3.0,165,270,35003389.9160688
2506,3.5,165,270,10327260.3742881
2507,4.0,165,270,2203704.73530259
2508,4.5,165,270,424314.168006729
2509,5.0,165,270,82889.7589776593
2510,5.5,165,270,17199.9642265601
2511,6.0,165,270,3815.115297335
2512,7.0,165,270,208.842109958942
2513,8.0,165,270,5.79996900791397
2514,9.0,165,270,-3.0837131579069
2515,10.0,165,270,-1.595360993513
2516,12.0,165,270,-0.260080442710756
2517,15.0,165,270,-0.0108061855933436
2518,20.0,165,270,0.0129654515922423
2519,30.0,165,270,0.0140188479049594
2520,3.0,175,270,72955949.3244831
2521,3.5,175,270,20894905.7425448
2522,4.0,175,270,4131181.51535259
2523,4.5,175,270,732244.85983475
2524,5.0,175,270,133086.364621706
2525,5.5,175,270,26077.8072826465
2526,6.0,175,270,5543.15145817671
2527,7.0,175,270,292.086596832313
2528,8.0,175,270,10.1774662766578
2529,9.0,175,270,-3.10681969969112
2530,10.0,175,270,-1.72156470396365
2531,12.0,175,270,-0.281714175929586
2532,15.0,175,270,-0.0123220786156913
2533,20.0,175,270,0.0129211573436189
2534,30.0,175,270,0.0140210463069699
2535,3.0,5,300,27245977979238.9
2536,3.5,5,300,2674329704.71993
2537,4.0,5,300,10772695.1020508
2538,4.5,5,300,217809.093286409
2539,5.0,5,300,10074.1034818768
2540,5.5,5,300,722.188305575726
2541,6.0,5,300,54.9539767607979
2542,7.0,5,300,-4.48731122544542
2543,8.0,5,300,-1.5736953387546
2544,9.0,5,300,-0.500688548361899
2545,10.0,5,300,-0.171990084997099
2546,12.0,5,300,-0.018304771418494
2547,15.0,5,300,0.0101991103384799
2548,20.0,5,300,0.0137892404417249
2549,30.0,5,300,0.0140320288417418
2550,3.0,15,300,5514217617.96522
2551,3.5,15,300,79492758.0186519
2552,4.0,15,300,1597412.66260754
2553,4.5,15,300,62707.8536146807
2554,5.0,15,300,4021.2539832155
2555,5.5,15,300,336.736032902503
2556,6.0,15,300,23.314959635622
2557,7.0,15,300,-4.40396107203523
2558,8.0,15,300,-1.49498519249823
2559,9.0,15,300,-0.488154969623601
2560,10.0,15,300,-0.170997165237773
2561,12.0,15,300,-0.0187981296794556
2562,15.0,15,300,0.0100944854340322
2563,20.0,15,300,0.0137813719174633
2564,30.0,15,300,0.0140295119887671
2565,3.0,30,300,2733319.52558864
2566,3.5,30,300,325559.603692399
2567,4.0,30,300,31846.6111894099
2568,4.5,30,300,3341.68937540004
2569,5.0,30,300,381.472727945025
2570,5.5,30,300,36.2054108945799
2571,6.0,30,300,-3.94878107793739
2572,7.0,30,300,-3.86984133902977
2573,8.0,30,300,-1.33086155603914
2574,9.0,30,300,-0.463437282689567
2575,10.0,30,300,-0.169733679332845
2576,12.0,30,300,-0.0200817632294934
2577,15.0,30,300,0.009837568586908
2578,20.0,30,300,0.0137626987236363
2579,30.0,30,300,0.0140320396399744
2580,3.0,45,300,111906.488166411
2581,3.5,45,300,16460.3040282186
2582,4.0,45,300,2692.32967030939
2583,4.5,45,300,456.571874042843
2584,5.0,45,300,69.0361039784772
2585,5.5,45,300,2.41930981837488
2586,6.0,45,300,-6.30108460455377
2587,7.0,45,300,-3.46453182917661
2588,8.0,45,300,-1.27770146173775
2589,9.0,45,300,-0.470995219410469
2590,10.0,45,300,-0.179463857470078
2591,12.0,45,300,-0.0232547303783456
2592,15.0,45,300,0.00936110928128992
2593,20.0,45,300,0.0137318715193115
2594,30.0,45,300,0.014029531086436
2595,3.0,60,300,91099.9725684624
2596,3.5,60,300,12426.7803189721
2597,4.0,60,300,2050.0472103257
2598,4.5,60,300,367.37793528915
2599,5.0,60,300,59.5590306649149
2600,5.5,60,300,2.31455515447214
2601,6.0,60,300,-6.05753774058549
2602,7.0,60,300,-3.63174974791378
2603,8.0,60,300,-1.41329808830405
2604,9.0,60,300,-0.539616535545311
2605,10.0,60,300,-0.211190225362059
2606,12.0,60,300,-0.0301068960336079
2607,15.0,60,300,0.00850043437814189
2608,20.0,60,300,0.0136825904289434
2609,30.0,60,300,0.0140320620480111
2610,3.0,75,300,93190.2038441853
2611,3.5,75,300,13172.7716633483
2612,4.0,75,300,2301.37629392359
2613,4.5,75,300,447.241971524587
2614,5.0,75,300,82.9365081044982
2615,5.5,75,300,8.00690585266062
2616,6.0,75,300,-5.47108590169236
2617,7.0,75,300,-4.34934195891748
2618,8.0,75,300,-1.80120786409479
2619,9.0,75,300,-0.706722965426984
2620,10.0,75,300,-0.281300186819632
2621,12.0,75,300,-0.0434811359252899
2622,15.0,75,300,0.00700499244821459
2623,20.0,75,300,0.0136064911430577
2624,30.0,75,300,0.0140246578815074
2625,3.0,90,300,110577.264504855
2626,3.5,90,300,18952.7560848549
2627,4.0,90,300,4111.84101816122
2628,4.5,90,300,996.019077625064
2629,5.0,90,300,244.626015803482
2630,5.5,90,300,53.2793618774428
2631,6.0,90,300,5.62167137396412
2632,7.0,90,300,-5.01929565678683
2633,8.0,90,300,-2.54958424291405
2634,9.0,90,300,-1.04678539236142
2635,10.0,90,300,-0.421174175028401
2636,12.0,90,300,-0.0682184611049121
2637,15.0,90,300,0.00451593663678561
2638,20.0,90,300,0.0134944319306701
2639,30.0,90,300,0.0140259473700548
2640,3.0,105,300,265991.634425571
2641,3.5,105,300,70400.6642528004
2642,4.0,105,300,19415.6045654465
2643,4.5,105,300,5342.24097313053
2644,5.0,105,300,1460.88331779228
2645,5.5,105,300,391.471049808925
2646,6.0,105,300,97.7270947189814
2647,7.0,105,300,-0.45449822450604
2648,8.0,105,300,-3.50058496293517
2649,9.0,105,300,-1.65612506739571
2650,10.0,105,300,-0.67896379329214
2651,12.0,105,300,-0.111115792980366
2652,15.0,105,300,0.000645807608675111
2653,20.0,105,300,0.0133412546587977
2654,30.0,105,300,0.0140219181052758
2655,3.0,120,300,2216245.43246993
2656,3.5,120,300,693380.160504706
2657,4.0,120,300,183418.374002167
2658,4.5,120,300,45375.5002846385
2659,5.0,120,300,11146.340324423
2660,5.5,120,300,2783.77423409479
2661,6.0,120,300,703.992969084841
2662,7.0,120,300,38.1188443652001
2663,8.0,120,300,-2.75894547168676
2664,9.0,120,300,-2.4916872955953
2665,10.0,120,300,-1.08812204145725
2666,12.0,120,300,-0.176940179836335
2667,15.0,120,300,-0.00468496268141307
2668,20.0,120,300,0.0131555674255533
2669,30.0,120,300,0.0140228339796594
2670,3.0,135,300,32177781.9209137
2671,3.5,135,300,9523057.60373984
2672,4.0,135,300,2048867.54608001
2673,4.5,135,300,398092.570340383
2674,5.0,135,300,78392.4137468681
2675,5.5,135,300,16371.3683065527
2676,6.0,135,300,3648.64952703306
2677,7.0,135,300,200.497211732916
2678,8.0,135,300,5.36024260812408
2679,9.0,135,300,-3.07720416939443
2680,10.0,135,300,-1.58063994550531
2681,12.0,135,300,-0.257594542442453
2682,15.0,135,300,-0.0106315241922844
2683,20.0,135,300,0.0129705235864931
2684,30.0,135,300,0.0140214059693516
2685,3.0,150,300,311607388.380571
2686,3.5,150,300,82959200.4927482
2687,4.0,150,300,13750441.0627783
2688,4.5,150,300,2030050.37952667
2689,5.0,150,300,316538.267203272
2690,5.5,150,300,55091.4403855681
2691,6.0,150,300,10729.8707812102
2692,7.0,150,300,516.57763998445
2693,8.0,150,300,21.7718591220451
2694,9.0,150,300,-2.95621747400086
2695,10.0,150,300,-1.95016452924629
2696,12.0,150,300,-0.322594391102463
2697,15.0,150,300,-0.015119424300522
2698,20.0,150,300,0.0128417748376002
2699,30.0,150,300,0.0140204877559725
2700,3.0,165,300,481374876.831625
2701,3.5,165,300,124886099.651787
2702,4.0,165,300,19497766.5592962
2703,4.5,165,300,2712209.15168931
2704,5.0,165,300,403025.742258951
2705,5.5,165,300,67644.022587738
2706,6.0,165,300,12830.821529162
2707,7.0,165,300,600.119004074456
2708,8.0,165,300,25.9851137424835
2709,9.0,165,300,-2.86096684650467
2710,10.0,165,300,-2.01228223904674
2711,12.0,165,300,-0.334191479559164
2712,15.0,165,300,-0.015897824323975
2713,20.0,165,300,0.0128202481418342
2714,30.0,165,300,0.0140178195228028
2715,3.0,175,300,173857227.191271
2716,3.5,175,300,47777962.9221542
2717,4.0,175,300,8536753.20860837
2718,4.5,175,300,1360480.4836662
2719,5.0,175,300,225952.289406415
2720,5.5,175,300,41269.8420464194
2721,6.0,175,300,8327.78655276477
2722,7.0,175,300,416.391698191042
2723,8.0,175,300,16.6453657509443
2724,9.0,175,300,-3.04810870975768
2725,10.0,175,300,-1.86199080660061
2726,12.0,175,300,-0.306521779135043
2727,15.0,175,300,-0.0140291256185185
2728,20.0,175,300,0.0128723896151637
2729,30.0,175,300,0.0140207004664785
2730,3.0,5,315,27245977979240.2
2731,3.5,5,315,2674329705.01108
2732,4.0,5,315,10772695.131485
2733,4.5,5,315,217809.066039286
2734,5.0,5,315,10074.0726649752
2735,5.5,5,315,722.16485476259
2736,6.0,5,315,54.938020136855
2737,7.0,5,315,-4.4940061026958
2738,8.0,5,315,-1.57646273087743
2739,9.0,5,315,-0.501866325505444
2740,10.0,5,315,-0.172512423841219
2741,12.0,5,315,-0.0184215976025555
2742,15.0,5,315,0.0101826621677657
2743,20.0,5,315,0.0137881217470295
2744,30.0,5,315,0.0140320288417418
2745,3.0,15,315,5514217624.01775
2746,3.5,15,315,79492759.5104299
2747,4.0,15,315,1597412.9087708
2748,4.5,15,315,62707.7988718405
2749,5.0,15,315,4021.15572475592
2750,5.5,15,315,336.654832119046
2751,6.0,15,315,23.2580085095151
2752,7.0,15,315,-4.42829756068035
2753,8.0,15,315,-1.50504832687304
2754,9.0,15,315,-0.49241477387868
2755,10.0,15,315,-0.17287243885031
2756,12.0,15,315,-0.0192109053753667
2757,15.0,15,315,0.0100376227126831
2758,20.0,15,315,0.0137776106206668
2759,30.0,15,315,0.0140295119887671
2760,3.0,30,315,2733348.62768534
2761,3.5,30,315,325567.683319847
2762,4.0,30,315,31848.535560855
2763,4.5,30,315,3341.91735020958
2764,5.0,30,315,381.308615811961
2765,5.5,30,315,36.0058245963402
2766,6.0,30,315,-4.10442691558613
2767,7.0,30,315,-3.9404712198932
2768,8.0,30,315,-1.36023591216708
2769,9.0,30,315,-0.475749714991941
2770,10.0,30,315,-0.175072223590681
2771,12.0,30,315,-0.0212179760466944
2772,15.0,30,315,0.00968808121225056
2773,20.0,30,315,0.0137533692061918
2774,30.0,30,315,0.0140320396399744
2775,3.0,45,315,112041.71270662
2776,3.5,45,315,16501.2559997052
2777,4.0,45,315,2703.95602269957
2778,4.5,45,315,459.378369837906
2779,5.0,45,315,69.3620783117721
2780,5.5,45,315,2.16388269260394
2781,6.0,45,315,-6.60882520234502
2782,7.0,45,315,-3.63064408627782
2783,8.0,45,315,-1.34853034980858
2784,9.0,45,315,-0.500424203688607
2785,10.0,45,315,-0.191978774837597
2786,12.0,45,315,-0.0257993280649668
2787,15.0,45,315,0.00904673357427904
2788,20.0,45,315,0.0137137309888095
2789,30.0,45,315,0.014029531086436
2790,3.0,60,315,91832.9221095029
2791,3.5,60,315,12661.7528986936
2792,4.0,60,315,2122.42819426605
2793,4.5,60,315,388.447741397736
2794,5.0,60,315,64.9531511936385
2795,5.5,60,315,3.18530594865853
2796,6.0,60,315,-6.31925095672732
2797,7.0,60,315,-3.98045673412346
2798,8.0,60,315,-1.57600220178504
2799,9.0,60,315,-0.607377883809908
2800,10.0,60,315,-0.239407520521454
2801,12.0,60,315,-0.0355245361438886
2802,15.0,60,315,0.00788288043085418
2803,20.0,60,315,0.0136503036494319
2804,30.0,60,315,0.0140320620480111
2805,3.0,75,315,98280.3276834813
2806,3.5,75,315,14855.9593736733
2807,4.0,75,315,2831.10724580155
2808,4.5,75,315,608.593190942338
2809,5.0,75,315,130.202192227277
2810,5.5,75,315,20.7656241234873
2811,6.0,75,315,-2.7629986989062
2812,7.0,75,315,-4.85198053196253
2813,8.0,75,315,-2.15225975338751
2814,9.0,75,315,-0.859801044328022
2815,10.0,75,315,-0.344118852711525
2816,12.0,75,315,-0.0547735837755856
2817,15.0,75,315,0.00583727708219227
2818,20.0,75,315,0.0135521977936684
2819,30.0,75,315,0.0140265454093476
2820,3.0,90,315,160028.969501978
2821,3.5,90,315,35397.5043766552
2822,4.0,90,315,9119.7494790143
2823,4.5,90,315,2461.23200730984
2824,5.0,90,315,666.031004350839
2825,5.5,90,315,172.576558574493
2826,6.0,90,315,38.0658797569581
2827,7.0,90,315,-3.86182164635391
2828,8.0,90,315,-3.14075444828739
2829,9.0,90,315,-1.37061301794726
2830,10.0,90,315,-0.556040106097759
2831,12.0,90,315,-0.0909336284268675
2832,15.0,90,315,0.0024130929609285
2833,20.0,90,315,0.0134086857749138
2834,30.0,90,315,0.0140225603412525
2835,3.0,105,315,1007131.51238223
2836,3.5,105,315,310407.138826499
2837,4.0,105,315,85262.6499322929
2838,4.5,105,315,22231.7723747993
2839,5.0,105,315,5743.44904593673
2840,5.5,105,315,1491.66437545629
2841,6.0,105,315,384.740774603039
2842,7.0,105,315,17.9334221569762
2843,8.0,105,315,-3.45788350632343
2844,9.0,105,315,-2.21639942901256
2845,10.0,105,315,-0.940674031903764
2846,12.0,105,315,-0.15330094305005
2847,15.0,105,315,-0.0028343632747721
2848,20.0,105,315,0.0132173863575327
2849,30.0,105,315,0.0140233478074116
2850,3.0,120,315,20665742.6658182
2851,3.5,120,315,6209937.09276891
2852,4.0,120,315,1392668.81547673
2853,4.5,120,315,283397.950513076
2854,5.0,120,315,58151.8051658989
2855,5.5,120,315,12553.2253151686
2856,6.0,120,315,2867.17522994786
2857,7.0,120,315,160.397204565085
2858,8.0,120,315,3.25489723419169
2859,9.0,120,315,-3.028522737121
2860,10.0,120,315,-1.50170960175898
2861,12.0,120,315,-0.244354156287718
2862,15.0,120,315,-0.00968914825897156
2863,20.0,120,315,0.0129985540999401
2864,30.0,120,315,0.0140216147100269
2865,3.0,135,315,654946149.133881
2866,3.5,135,315,166635800.919551
2867,4.0,135,315,24886008.3553592
2868,4.5,135,315,3314670.00503991
2869,5.0,135,315,475806.095315312
2870,5.5,135,315,77826.6249312159
2871,6.0,135,315,14489.121483763
2872,7.0,135,315,663.818364903367
2873,8.0,135,315,29.1598047431053
2874,9.0,135,315,-2.78071279664715
2875,10.0,135,315,-2.05451291282503
2876,12.0,135,315,-0.342224985897471
2877,15.0,135,315,-0.0164353168932309
2878,20.0,135,315,0.0128053781802462
2879,30.0,135,315,0.0140177191445535
2880,3.0,150,315,6917853838.99383
2881,3.5,150,315,1460153205.84869
2882,4.0,150,315,146262964.339094
2883,4.5,150,315,13544825.3205526
2884,5.0,150,315,1479713.96915359
2885,5.5,150,315,199083.36395257
2886,6.0,150,315,32283.7278038855
2887,7.0,150,315,1266.21017042299
2888,8.0,150,315,57.8009715004525
2889,9.0,150,315,-1.86092133236947
2890,10.0,150,315,-2.32441524554015
2891,12.0,150,315,-0.397286897688735
2892,15.0,150,315,-0.0200397054079568
2893,20.0,150,315,0.0127088282680775
2894,30.0,150,315,0.0140195929754774
2895,3.0,165,315,2217432343.91223
2896,3.5,165,315,516746630.632
2897,4.0,165,315,63615939.7011249
2898,4.5,165,315,7065930.65329806
2899,5.0,165,315,881743.236602525
2900,5.5,165,315,130240.236845057
2901,6.0,165,315,22543.0456553751
2902,7.0,165,315,951.756461423259
2903,8.0,165,315,43.1417986066677
2904,9.0,165,315,-2.36436445256931
2905,10.0,165,315,-2.20556962674359
2906,12.0,165,315,-0.372126596201618
2907,15.0,165,315,-0.018406032275587
2908,20.0,165,315,0.0127521548287861
2909,30.0,165,315,0.0140173592938903
2910,3.0,175,315,259048418.455543
2911,3.5,175,315,69687553.9961939
2912,4.0,175,315,11836046.3539558
2913,4.5,175,315,1791000.73778127
2914,5.0,175,315,284955.27018097
2915,5.5,175,315,50361.4314618765
2916,6.0,175,315,9919.43944532279
2917,7.0,175,315,483.387499697163
2918,8.0,175,315,20.082672467827
2919,9.0,175,315,-2.98972849569533
2920,10.0,175,315,-1.92279441658927
2921,12.0,175,315,-0.317558298221346
2922,15.0,175,315,-0.014778685153034
2923,20.0,175,315,0.0128513276532348
2924,30.0,175,315,0.0140205534352195
